"pew_religimp","pew_churatd","sex","educ","nonwhite","age","faminc_new","pid3","ideo5","QueerPhobia","ImmiPhobia","InterGBiasParty","InterGBiasCand","InterGBiasSup","LibMediaUse","ConMediaUse","Real_Threat","Symb_Threat","Evaluation","teamweight","caseid"
2,6,"2",2,"1",56,6,"1",1,1,1,-99,-99,-96,2.66666666666667,1,5,4.85714285714286,"0",0.505027880201008,1231308943
2,4,"2",5,"1",53,13,"1",2,3,1,-100,-100,-100,2,2,5,5,"0",0.852380503966956,1232300315
1,2,"1",2,"1",69,10,"2",5,4.33333333333333,3.5,99,99,96,1,1,5,5,"2",1.32018936090903,1232358697
2,3,"1",6,"1",76,97,"1",3,1,1,-86,-91,-89,4.66666666666667,1.33333333333333,4.25,4.42857142857143,"0",0.519197675282533,1232540961
4,5,"2",6,"1",83,4,"1",2,1,1,-80,-88,-87,4.66666666666667,3.66666666666667,4.25,5,"0",1.15400474474816,1232580601
4,6,"1",3,"2",87,9,"3",3,4,4,-39,-89,-84,4,2,4,3.71428571428571,"0",0.675546438045946,1232638601
2,3,"1",6,"1",83,11,"3",3,2.33333333333333,2.5,-18,-79,-43,5,4,4,3.85714285714286,"0",0.519197675282533,1232661775
1,1,"1",5,"1",69,11,"3",4,4.66666666666667,2.5,82,98,99,1.66666666666667,5,5,4.85714285714286,"2",0.954665491423916,1232900901
1,2,"1",6,"1",84,10,"3",3,2.66666666666667,2,-61,-86,-49,2.66666666666667,2,3.75,3.28571428571429,"0",0.519197675282533,1232924457
3,4,"2",4,"1",63,8,"1",1,1,2.5,-93,-98,-84,4,1.33333333333333,2.75,3.71428571428571,"0",0.873552496252135,1233866717
1,1,"1",3,"2",54,2,"2",4,3.66666666666667,3,94,97,93,1,3,4.25,4,"3",1.08152881747433,1234800933
2,3,"2",5,"1",46,6,"1",2,2.66666666666667,1.5,-84,-99,-91,5.66666666666667,2.33333333333333,4.25,4.71428571428571,"0",0.852380503966956,1234814929
2,5,"2",3,"1",49,5,"3",5,1.66666666666667,3,92,97,94,2,2.66666666666667,3.25,3,"2",1.21873066796847,1234833015
3,7,"2",6,"1",35,7,"3",2,1.33333333333333,1,-19,-63,-74,3,1.66666666666667,3.5,4,"0",0.855742920956741,1234836067
4,5,"2",6,"1",54,11,"2",3,2.33333333333333,2,3,-37,-19,2,2,2,2,"0",0.883661908865727,1234858411
1,1,"1",3,"1",77,6,"3",4,5,4.5,48,94,92,1.66666666666667,3,2.75,4.71428571428571,"2",1.05497397121027,1234861823
4,6,"2",4,"1",61,9,"3",3,2,1.5,-42,-63,-75,1,1,2,2,"0",0.873552496252135,1234863027
4,5,"2",3,"1",66,10,"1",2,1.33333333333333,1,-89,-88,-88,5,2.33333333333333,5,4.42857142857143,"0",1.09233895417167,1234946769
4,6,"1",2,"1",67,8,"1",3,2.66666666666667,2,-85,-92,-95,4.33333333333333,2,3.25,4,"0",0.94627528629437,1234991753
1,6,"2",3,"1",44,3,"2",5,5,5,96,90,-1,3,3,1.5,2.71428571428571,"0",0.918230570602991,1235109215
4,6,"1",5,"2",30,8,"3",3,2,3,45,56,24,1,1,3.5,2.85714285714286,"2",0.224251216050258,1235307767
4,6,"2",5,"1",57,8,"1",3,2.33333333333333,2,-51,-97,-99,2,1,4,4,"0",0.852380503966956,1235323577
1,2,"2",4,"1",56,3,"3",3,2.66666666666667,2,-19,-72,-87,2,2,2.5,3,"0",0.873552496252135,1235323725
1,5,"2",2,"2",72,7,"2",3,1.33333333333333,1,-99,-99,-96,3.66666666666667,1,1,1,"0",0.622841397491711,1235514415
1,1,"2",2,"1",47,7,"2",4,5,3,95,88,47,1.66666666666667,5.33333333333333,5,4.85714285714286,"2",0.704586122094288,1235557223
2,5,"2",2,"1",52,2,"1",1,1.66666666666667,1.5,-96,-99,-78,4,1,4,4,"0",0.505027880201008,1235566639
3,6,"1",6,"2",32,4,"2",4,1.66666666666667,3,-4,8,24,3.33333333333333,2.66666666666667,2.25,3.14285714285714,"3",0.382996880911311,1235596553
3,5,"2",2,"1",65,5,"2",4,3.66666666666667,3.5,86,95,95,1.33333333333333,4,5,4.57142857142857,"1",1.06641411116284,1235620643
1,4,"2",2,"1",86,2,"1",6,2.33333333333333,1.5,-58,-78,-77,3,2,5,3.85714285714286,"0",0.764376193468287,1235622255
1,1,"1",6,"2",60,11,"3",5,4.33333333333333,3.5,90,91,47,2,5.33333333333333,5,5,"1",0.23762019745613,1235647529
1,1,"2",6,"2",57,2,"2",4,3.66666666666667,2,22,58,-14,4.66666666666667,5,2.25,1.85714285714286,"2",0.580215735100354,1235648065
1,6,"2",2,"1",73,6,"1",3,2.33333333333333,3,22,89,69,1,1,2,2.85714285714286,"2",1.24865772925938,1235648373
3,4,"2",6,"2",29,97,"1",2,1.33333333333333,1,-44,-63,-68,3.66666666666667,1.66666666666667,5,3.71428571428571,"0",0.437991992208544,1235650589
1,3,"2",2,"1",58,3,"1",3,3,3,-44,-69,-51,1.33333333333333,1.33333333333333,3.5,3.42857142857143,"1",0.505027880201008,1235735013
1,2,"2",2,"1",77,4,"2",4,2.33333333333333,3,26,7,-1,1.66666666666667,2.33333333333333,3,4,"0",0.921664043247094,1235765253
2,5,"2",2,"1",78,3,"3",6,3,3,-51,-91,-50,2.33333333333333,1,1,1,"0",0.764376193468287,1235793465
4,6,"2",5,"1",40,13,"1",1,1.33333333333333,1,-89,-100,-100,4.33333333333333,1,5,5,"0",0.737816280310873,1235793913
2,5,"2",3,"1",48,6,"3",3,3,3,40,69,-1,2,3,3.5,3.42857142857143,"2",1.21873066796847,1235848193
1,5,"2",5,"1",33,2,"2",4,4.66666666666667,3,93,81,75,1,3,5,4.85714285714286,"2",0.946549609844859,1235850683
2,4,"1",5,"1",73,6,"1",2,2.33333333333333,3,-91,-99,-93,5,1,4,4.57142857142857,"0",0.684277867979856,1235857769
4,6,"1",6,"1",35,11,"1",2,1,1.5,-69,-81,-71,2.66666666666667,2,5,4.14285714285714,"0",0.668922720206947,1236007321
2,4,"1",6,"1",36,8,"1",3,1.66666666666667,1.5,-54,-90,-91,4.66666666666667,3.33333333333333,4.75,4.71428571428571,"0",0.668922720206947,1236039213
3,5,"1",5,"1",47,7,"3",3,1.66666666666667,3.5,7,-10,6,2.66666666666667,3,3.25,2.42857142857143,"2",1.01979882655562,1236056381
4,5,"2",5,"1",40,10,"1",1,1,1,-98,-98,-98,3.66666666666667,1.66666666666667,5,5,"0",0.737816280310873,1236090743
3,5,"1",3,"1",45,4,"1",3,3.66666666666667,2.5,3,-5,-1,2.66666666666667,2.66666666666667,1.25,1.85714285714286,"1",0.684665922831909,1236236315
1,1,"2",6,"1",38,6,"2",5,4,2.5,94,99,98,3,5.66666666666667,5,4.42857142857143,"2",1.19388376330148,1236246497
4,6,"2",2,"1",40,8,"1",3,1,1,-40,-50,-51,2.33333333333333,1.33333333333333,5,4,"0",0.60825630448923,1236314313
4,6,"1",6,"1",82,9,"3",3,3.33333333333333,3,33,99,95,2.66666666666667,2.66666666666667,1,2,"2",0.724355012800656,1236490675
1,6,"1",2,"1",73,5,"2",3,3,3,100,99,100,1,4,5,5,"2",1.32018936090903,1236522839
4,6,"2",5,"1",87,2,"1",2,2,2,-98,-92,-94,3.66666666666667,1.33333333333333,4,4,"0",0.731259195749353,1236584883
4,5,"1",3,"1",41,4,"3",3,1.33333333333333,2.5,-29,-50,-48,3.33333333333333,2.66666666666667,3.5,3.85714285714286,"0",1.2427188014491,1236630905
2,6,"1",3,"2",36,4,"1",1,1.66666666666667,4,-67,-82,-77,5.66666666666667,5.66666666666667,4,4,"0",0.689541483576094,1236655637
1,1,"1",6,"1",36,16,"1",3,2.33333333333333,4.5,-14,-12,35,5.33333333333333,5.66666666666667,4.5,4.57142857142857,"3",0.933242864183629,1236664183
2,5,"2",2,"1",57,97,"2",4,3,3.5,99,97,97,1.33333333333333,3.33333333333333,4.25,5,"2",0.704586122094288,1236670029
2,5,"2",2,"1",57,97,"2",4,3,3.5,99,97,97,1.33333333333333,3.33333333333333,4.25,5,"2",0.704586122094288,1236670029
4,6,"1",2,"1",59,5,"2",5,3,3,62,92,96,2,4.66666666666667,5,4.57142857142857,"2",1.40623566948165,1236673165
3,2,"2",3,"2",49,11,"1",1,4,2,-31,-63,-64,3.33333333333333,1.66666666666667,5,4.85714285714286,"0",0.815395494521315,1236677543
4,6,"1",3,"1",26,4,"2",5,1.66666666666667,3,100,100,100,2.33333333333333,2.33333333333333,5,4.42857142857143,"2",1.43306816210147,1236679951
4,6,"1",2,"1",52,8,"3",3,1.66666666666667,2,-19,-47,-17,2,1,3,4.42857142857143,"1",6.4749579461662,1236686619
4,6,"1",5,"1",54,14,"3",3,1,1.5,-65,-77,-90,4.66666666666667,1.66666666666667,5,4.42857142857143,"0",0.730963644410155,1236703601
1,1,"2",4,"1",69,5,"2",5,4.66666666666667,4.5,97,99,100,1,6,5,4.85714285714286,"2",1.52396906766023,1236714887
1,2,"2",6,"2",35,10,"2",3,2.33333333333333,1,9,2,50,4.66666666666667,4,4,3.71428571428571,"0",0.642082947469479,1236749209
2,2,"2",4,"1",75,97,"3",3,2,2,-66,-96,-89,3,1.66666666666667,1,3,"0",1.09233895417167,1236754351
4,6,"1",5,"1",80,4,"3",3,3.33333333333333,2.5,62,74,69,1,2.33333333333333,4.25,4.42857142857143,"2",0.954665491423916,1236813931
4,6,"1",5,"1",80,4,"3",3,3.33333333333333,2.5,62,74,69,1,2.33333333333333,4.25,4.42857142857143,"2",0.954665491423916,1236813931
1,2,"2",2,"2",47,1,"2",3,5,3,28,2,21,2.33333333333333,2.33333333333333,4.25,4,"2",0.73150275678247,1236836261
1,2,"1",4,"1",42,7,"2",4,4.66666666666667,4.5,98,99,100,2.66666666666667,3,5,5,"2",1.73377046197565,1236864259
3,4,"1",4,"1",55,9,"2",4,4,3.5,100,100,100,1,6,5,4.57142857142857,"2",0.955206883442232,1236867699
3,6,"1",4,"1",79,7,"3",4,3.33333333333333,3.5,91,97,98,1,3.33333333333333,4.5,4.71428571428571,"2",1.05497397121027,1236869983
3,5,"1",6,"2",43,97,"3",3,3.33333333333333,3,3,0,0,3,3,1,1,"2",0.731129649792101,1236877309
4,6,"2",6,"1",57,97,"1",3,3,1,-75,-94,-80,3.66666666666667,1.66666666666667,4.25,3.85714285714286,"0",0.883661908865727,1236889997
1,2,"2",3,"1",30,2,"2",3,2.33333333333333,2.5,17,2,17,3,3,3.25,3,"0",0.918230570602991,1236890741
1,2,"2",5,"1",61,11,"3",3,2.66666666666667,2,9,84,0,6,6,1,1,"2",1.18919271070701,1236891453
1,2,"2",2,"1",63,97,"2",5,3.66666666666667,5,92,87,93,1,1.33333333333333,5,5,"1",0.704586122094288,1236896023
2,6,"1",1,"1",65,2,"2",4,4.33333333333333,5,100,100,100,1,3,4.75,5,"2",3.43036588810902,1236900757
2,3,"1",5,"1",64,8,"2",4,3.33333333333333,1.5,29,45,48,1.66666666666667,4.66666666666667,5,4.14285714285714,"1",1.01979882655562,1236920133
2,4,"2",6,"1",29,10,"2",4,1.66666666666667,2,10,-13,-22,2,2,3.5,2,"0",0.676888092728799,1236923081
2,5,"2",4,"1",45,6,"3",3,3.33333333333333,1,1,50,48,1.66666666666667,1.66666666666667,3,3,"2",1.21873066796847,1236928431
1,6,"2",3,"1",66,97,"2",4,4.33333333333333,4,100,100,100,2.66666666666667,4.33333333333333,5,5,"2",1.52396906766023,1236929987
2,3,"2",6,"1",24,8,"1",3,1.33333333333333,1,-45,-60,-69,2,1.33333333333333,3.5,3.28571428571429,"0",0.676888092728799,1236939595
2,4,"2",2,"1",58,4,"2",3,3,4,-1,94,89,1.66666666666667,1,4.75,3.85714285714286,"3",0.509950488059943,1236953477
2,4,"2",2,"1",61,97,"2",5,3.33333333333333,2.5,90,100,96,1,4.66666666666667,5,5,"2",0.704586122094288,1236953963
3,5,"1",5,"1",34,11,"3",1,1,1,-43,-57,-82,3,3,5,5,"0",0.809208479152677,1236993235
1,2,"2",6,"1",37,12,"3",5,5,4,5,50,1,1,1,2.75,3.71428571428571,"2",1.19388376330148,1237003335
1,5,"2",2,"1",67,3,"3",3,2,3.5,9,-28,-9,1,1,3,3,"0",0.645098632954623,1237027271
1,2,"2",2,"1",78,2,"2",5,4.33333333333333,2.5,93,93,95,3,4.33333333333333,5,5,"2",1.06641411116284,1237028251
2,2,"2",5,"1",73,9,"1",2,1.33333333333333,1.5,-88,-90,-89,2.33333333333333,1,4,4.28571428571429,"0",0.731259195749353,1237030257
3,6,"2",2,"1",57,3,"3",5,3.33333333333333,3.5,56,100,91,1,1.33333333333333,2.5,1.57142857142857,"2",0.704586122094288,1237030789
3,6,"2",2,"1",69,2,"1",1,1.66666666666667,2,-94,-96,-91,5,1.33333333333333,4.5,5,"0",0.764376193468287,1237078721
2,5,"1",2,"1",72,8,"1",3,2.66666666666667,3,-67,-80,-86,1,1,3.25,3.85714285714286,"0",0.94627528629437,1237121253
1,1,"1",2,"1",62,3,"1",4,3.66666666666667,3.5,88,90,83,6,3.66666666666667,1,4,"2",1.40623566948165,1237157273
3,4,"2",5,"1",24,97,"1",1,1,1,-40,-56,-51,3.33333333333333,1.66666666666667,2.75,4.71428571428571,"0",0.492619506186913,1237230335
3,3,"2",3,"2",30,11,"3",6,2.33333333333333,1.5,-84,-86,-96,3,3,3.25,3,"0",0.731941315635597,1237235287
2,6,"2",2,"1",59,6,"3",3,4.33333333333333,3,49,53,46,1,1,3.5,4,"2",0.704586122094288,1237246961
1,1,"1",6,"1",53,97,"2",4,3.66666666666667,2.5,70,72,64,4,5.66666666666667,4.25,4.85714285714286,"1",1.0124296228502,1237250903
2,2,"2",5,"1",23,8,"1",1,1,1,-61,-51,-69,3,1.66666666666667,3.25,4.85714285714286,"0",0.492619506186913,1237282721
4,6,"2",3,"1",44,9,"1",3,2.33333333333333,2,-51,-63,-61,2.66666666666667,2.33333333333333,4.75,4,"1",0.658162322625671,1237283805
3,6,"2",4,"1",43,3,"3",3,2.33333333333333,2.5,55,96,90,1.33333333333333,1.33333333333333,4,3,"2",0.918230570602991,1237288733
4,6,"2",4,"1",44,2,"1",1,2,1,-60,-47,-52,1,1,4,4,"0",0.658162322625671,1237291343
4,6,"1",5,"1",42,6,"1",2,1.33333333333333,1.5,-94,-93,-92,3,1.33333333333333,4.25,4,"0",0.809208479152677,1237332585
4,6,"1",5,"2",40,97,"1",1,1,1,-89,-98,-100,4,2,5,4.42857142857143,"0",0.554265077048355,1237334475
2,3,"2",5,"1",27,5,"3",3,2,1.5,-7,8,10,2.33333333333333,2.66666666666667,2,2.28571428571429,"2",0.687274665695867,1237334697
2,6,"2",2,"1",36,6,"2",5,4.66666666666667,3,91,94,89,1,1.33333333333333,5,4.28571428571429,"2",0.848604537731446,1237338927
2,5,"1",3,"1",59,2,"2",3,2.33333333333333,3.5,-3,2,-8,1.66666666666667,1,2.75,2.85714285714286,"0",0.955206883442232,1237369109
1,2,"2",3,"1",77,11,"1",3,4.33333333333333,2.5,-85,-95,-79,2.33333333333333,1.33333333333333,3.75,3.57142857142857,"0",1.09233895417167,1237369115
1,4,"1",4,"2",65,6,"1",4,5,3.5,-77,-79,-79,2.33333333333333,2.33333333333333,4,4,"0",0.675546438045946,1237370807
4,6,"1",5,"1",25,6,"1",2,1.33333333333333,1,-47,-99,-73,3,3,4,4,"0",1.58953167357545,1237371851
4,6,"1",6,"1",41,12,"1",2,1.66666666666667,1,-51,-59,-66,4.33333333333333,2.33333333333333,5,4.71428571428571,"0",0.668922720206947,1237372457
1,1,"2",4,"2",57,3,"1",2,4.33333333333333,2,-90,-96,-1,5,1.33333333333333,5,4.71428571428571,"0",0.815395494521315,1237401347
1,1,"1",6,"2",66,12,"3",3,4.33333333333333,1,-86,-99,-99,2.66666666666667,1,5,4.71428571428571,"0",0.803306296256438,1237404353
3,5,"2",3,"1",73,9,"3",3,2,2,-41,-95,-95,1,1,3,4,"0",1.09233895417167,1237406021
4,4,"1",3,"2",83,97,"1",2,3,1,-45,-85,-78,2.66666666666667,1,4,3.85714285714286,"0",1.63795095613863,1237407713
4,6,"2",5,"1",37,6,"1",1,1,1.5,-57,-56,-69,2,1.33333333333333,5,5,"0",0.731175805764677,1237431545
2,6,"1",2,"1",76,3,"3",1,1,1,-10,-3,-10,4,1,5,5,"0",0.94627528629437,1237432303
1,5,"1",2,"1",70,97,"3",3,2.66666666666667,1.5,-50,-20,-18,1.33333333333333,1.33333333333333,2.25,2.85714285714286,"3",2.04494108933566,1237439231
4,6,"2",5,"1",31,9,"1",1,1.33333333333333,1,-98,-98,-94,4.66666666666667,1,5,5,"0",0.737816280310873,1237491237
2,5,"2",3,"2",59,9,"3",3,1.33333333333333,1,-65,-94,-59,4.66666666666667,1,3.5,4.14285714285714,"0",1.21899510444004,1237491777
3,5,"1",3,"1",74,10,"2",5,3.33333333333333,2.5,68,98,98,2,5.33333333333333,5,5,"2",1.05497397121027,1237524887
2,4,"2",5,"1",66,5,"2",3,3.33333333333333,3.5,86,77,87,2.66666666666667,2.33333333333333,4,3.28571428571429,"1",1.02021116294363,1237525337
2,4,"1",6,"1",61,15,"3",3,3,2.5,46,70,42,1.33333333333333,2.66666666666667,1,2.57142857142857,"2",1.0124296228502,1237525499
4,6,"2",3,"1",56,4,"1",2,1.33333333333333,1.5,-84,-100,-80,4.66666666666667,1.66666666666667,3.75,4.14285714285714,"0",0.873552496252135,1237526157
1,7,"1",3,"2",40,97,"3",6,3.66666666666667,2,-5,-43,-39,1.33333333333333,1.33333333333333,2.75,3,"3",0.851340183152185,1237534151
1,2,"1",5,"1",78,97,"2",4,3,3,92,97,93,1,5.66666666666667,4.5,4.71428571428571,"2",0.954665491423916,1237559187
4,6,"2",6,"1",71,5,"3",2,1,1,-20,-53,-53,5,2.33333333333333,5,5,"0",1.15400474474816,1237561289
4,6,"2",6,"1",55,12,"1",2,1.33333333333333,1,-80,-98,-99,4.33333333333333,1.66666666666667,4,3.71428571428571,"0",0.883661908865727,1237562771
1,6,"2",5,"2",24,6,"3",6,1.33333333333333,1,-45,-8,-39,2.66666666666667,2.66666666666667,2,2.71428571428571,"0",0.734682847960178,1237600477
1,1,"2",2,"1",77,97,"2",5,4,3.5,66,86,70,1,2.33333333333333,3.5,3.57142857142857,"2",1.06641411116284,1237621599
2,4,"2",5,"1",33,97,"2",4,5,2.5,82,59,80,1,1,3.25,4.42857142857143,"2",3.95821144574758,1237694809
1,1,"1",3,"1",29,6,"2",4,4,2.5,31,65,9,2,2.66666666666667,3.25,3.42857142857143,"2",1.43306816210147,1237706955
1,4,"2",4,"1",55,9,"3",4,3.66666666666667,2.5,53,93,93,1,1,4.25,4.14285714285714,"2",1.21873066796847,1237747127
2,5,"1",2,"1",72,8,"2",5,5,4.5,60,100,99,1,2.66666666666667,5,4.85714285714286,"2",1.32018936090903,1237748749
4,6,"2",3,"2",64,3,"3",5,4,3,40,90,48,1,1.66666666666667,4.25,4.28571428571429,"2",0.834593157745497,1237809455
1,2,"2",3,"2",59,8,"2",3,3,4.5,99,99,99,3,4.33333333333333,5,5,"2",0.834593157745497,1237810473
4,5,"1",4,"1",40,6,"3",2,1,1,-78,-81,-90,2.66666666666667,1.66666666666667,4.25,5,"0",1.2427188014491,1237854765
4,6,"2",2,"1",47,5,"3",6,1,3,0,-24,-72,1,1,2,2,"0",0.509950488059943,1237856831
3,6,"2",2,"1",71,4,"2",4,3.66666666666667,2.5,75,100,100,1,2,5,5,"2",1.06641411116284,1237858437
4,5,"1",6,"1",28,12,"3",5,3.66666666666667,3.5,37,4,2,1,1,1,1,"3",0.548334727593061,1237899805
1,2,"2",5,"1",55,9,"1",2,4.33333333333333,4.5,33,56,41,4,4,1,1,"2",0.852380503966956,1237901413
4,6,"1",4,"2",31,6,"1",1,1,1,-53,-30,-51,3.33333333333333,2.66666666666667,5,5,"0",0.996677003686559,1237905043
1,2,"1",4,"1",64,97,"3",5,4.33333333333333,4,88,88,50,1,2.66666666666667,4.25,4.71428571428571,"2",0.955206883442232,1237909781
1,1,"2",5,"1",54,10,"1",1,1,1,-91,-90,-100,6,1,5,5,"0",0.852380503966956,1237941487
1,2,"1",6,"1",43,11,"3",3,2.33333333333333,1,-79,-99,-40,4,2.66666666666667,4,4,"0",0.668922720206947,1237955649
1,5,"2",3,"1",58,6,"1",2,3.33333333333333,2.5,-98,-99,-98,3.66666666666667,1.33333333333333,5,4.28571428571429,"0",0.873552496252135,1237959003
1,1,"2",3,"2",73,97,"1",3,2,2.5,-85,-92,-81,5,1.66666666666667,4.25,4.14285714285714,"0",0.916333890938119,1237960493
4,6,"2",3,"1",59,2,"1",1,1,1,-78,-97,-98,4.66666666666667,1.33333333333333,5,5,"0",0.873552496252135,1238013081
1,1,"1",4,"1",62,3,"2",5,5,2,94,99,97,1,2.66666666666667,5,5,"2",0.955206883442232,1238017713
1,6,"2",2,"1",67,3,"1",2,1,1,-89,-100,-87,6,3.33333333333333,5,5,"0",0.764376193468287,1238088391
3,5,"2",3,"2",69,3,"1",2,2.66666666666667,1.5,-98,-93,-87,3.66666666666667,1.66666666666667,4,3.71428571428571,"0",2.19258905859135,1238088397
1,2,"1",6,"2",64,13,"2",3,4,2.5,-98,-99,-99,2,1,1,1,"0",0.480807142672186,1238129365
1,3,"2",4,"1",69,5,"2",3,2.66666666666667,2.5,36,10,45,2.33333333333333,2.66666666666667,3.75,3.42857142857143,"0",0.702095074193314,1238129491
4,6,"1",3,"1",62,7,"2",4,4,3,86,99,79,1.66666666666667,3.33333333333333,4.25,4.71428571428571,"2",0.955206883442232,1238135041
2,4,"1",6,"1",79,10,"3",3,2.33333333333333,3.5,63,27,16,2,4.66666666666667,4,3.71428571428571,"3",0.724355012800656,1238135741
4,6,"2",5,"1",45,10,"3",1,2,1.5,-49,-39,-49,3,2,3.25,3.71428571428571,"0",0.852380503966956,1238164947
2,5,"2",3,"2",66,12,"1",3,1.33333333333333,2.5,-82,-83,-89,3.66666666666667,3.66666666666667,5,4,"0",0.916333890938119,1238170559
2,3,"2",6,"1",36,12,"3",3,2,1.5,-67,-66,-72,4.33333333333333,1.33333333333333,3.5,3.85714285714286,"0",0.855742920956741,1238171173
1,1,"2",5,"2",39,97,"2",4,4,2,2,-1,45,1,1.66666666666667,3.25,3.85714285714286,"3",0.80458885881678,1238173743
1,1,"2",5,"1",67,7,"3",4,3.66666666666667,3,67,93,100,1.33333333333333,4.66666666666667,4,4.42857142857143,"2",1.02021116294363,1238175953
1,1,"1",2,"1",59,4,"3",5,4.33333333333333,2.5,82,100,90,1.66666666666667,4,3.75,4.57142857142857,"2",1.40623566948165,1238242511
1,2,"2",2,"1",54,11,"1",2,1.33333333333333,1,-87,-99,-100,4.33333333333333,3,4,4.57142857142857,"0",0.505027880201008,1238243417
1,4,"2",3,"2",61,1,"1",3,3.33333333333333,2.5,-42,-90,-4,1.33333333333333,1,3.5,3.85714285714286,"0",0.815395494521315,1238244707
4,6,"2",6,"1",37,10,"1",1,1.33333333333333,1,-81,-75,-66,1.66666666666667,1.33333333333333,3.25,4.57142857142857,"0",0.855742920956741,1238245561
1,2,"2",5,"1",42,5,"3",4,4.33333333333333,1,8,-2,-28,1.66666666666667,1.66666666666667,3.5,2.71428571428571,"0",0.474227504281134,1238246243
4,6,"1",3,"1",63,3,"2",5,3.66666666666667,3,86,99,97,1.33333333333333,4.66666666666667,4,4.14285714285714,"2",0.955206883442232,1238257041
4,5,"2",5,"1",73,10,"1",2,1.66666666666667,2,-81,-99,-99,4.66666666666667,1.66666666666667,5,5,"0",0.731259195749353,1238286935
1,2,"2",3,"1",45,6,"1",2,3,2,-87,-98,-99,6,2,5,5,"0",0.873552496252135,1238288227
2,2,"2",5,"1",75,7,"3",2,1.33333333333333,2.5,-75,-86,-74,2.66666666666667,1.66666666666667,3,4.28571428571429,"0",0.731259195749353,1238288625
2,4,"2",4,"1",42,1,"3",3,1.33333333333333,2,52,-22,-12,1.66666666666667,2,3.25,3.28571428571429,"1",0.423030345086907,1238292499
1,3,"2",3,"1",32,9,"2",4,4.33333333333333,3,87,98,96,1,5,5,4.85714285714286,"2",0.918230570602991,1238332899
4,6,"1",3,"1",45,97,"1",2,1,1,-88,-87,-99,3.66666666666667,2.33333333333333,4,4.71428571428571,"0",0.684665922831909,1238343779
1,1,"2",4,"1",65,3,"2",5,3.66666666666667,4,88,99,99,1.33333333333333,2,5,5,"2",1.52396906766023,1238389741
4,6,"1",3,"1",55,10,"1",1,2,1.5,-80,-80,-90,4,1.66666666666667,5,4,"0",0.684665922831909,1238394361
1,1,"2",6,"2",54,2,"1",3,4.66666666666667,2,-52,-46,-39,5.66666666666667,4.33333333333333,2.25,4.14285714285714,"2",0.969603713081164,1238453845
1,6,"2",3,"1",68,4,"2",4,3,3,93,69,73,1,1,3,3,"0",1.52396906766023,1238462783
2,6,"2",2,"1",27,3,"3",3,1.33333333333333,3,98,86,80,1,1,3,3,"0",0.51024162849432,1238511809
3,5,"1",2,"2",53,8,"1",3,3,3,-87,-89,-87,4.33333333333333,4,3.25,3,"0",5.20842225429521,1238514329
3,6,"1",5,"2",23,9,"3",1,1,1.5,-40,-39,-35,3.66666666666667,2.66666666666667,4.5,5,"0",0.684107368684524,1238577737
4,6,"2",4,"1",54,7,"1",2,3,1,-78,-66,-85,4,1,4.25,4,"0",0.873552496252135,1238616967
3,6,"1",1,"1",77,5,"3",5,4.66666666666667,3.5,77,90,61,1.33333333333333,4,4.25,5,"2",1.73385095409516,1238689439
4,6,"1",3,"2",57,4,"3",3,2,2.5,-34,-61,-37,2.66666666666667,1.33333333333333,4,3.71428571428571,"0",1.05044877276624,1238733679
1,2,"1",2,"2",68,2,"1",3,1.66666666666667,3,-35,-90,-80,1.66666666666667,1.66666666666667,4,4,"0",0.607937225768802,1238734205
2,6,"1",2,"1",57,8,"1",3,4,3,-47,-85,-55,1.66666666666667,1.33333333333333,4,3.71428571428571,"0",1.00795090472464,1238767335
3,6,"1",2,"1",54,2,"3",3,4.33333333333333,3,47,98,92,1,3.33333333333333,5,5,"2",1.40623566948165,1238769259
2,5,"2",3,"2",61,3,"1",6,2.33333333333333,2.5,-15,-30,-19,1.33333333333333,1.33333333333333,3.5,3.71428571428571,"1",0.58445750332965,1238808251
2,4,"1",6,"1",73,11,"3",3,2.66666666666667,2.5,19,18,10,1.66666666666667,2.33333333333333,4,3.28571428571429,"1",0.724355012800656,1238817295
1,2,"1",5,"2",40,9,"2",4,5,4.5,37,70,56,2.33333333333333,2.66666666666667,5,4.71428571428571,"2",0.379481295041239,1238848343
2,6,"1",2,"1",65,97,"3",3,3.66666666666667,2.5,52,50,90,1,1,3.5,4.71428571428571,"2",1.05648543254974,1238882805
4,6,"2",4,"1",63,5,"1",2,3,3,-55,-97,-81,1.66666666666667,1.66666666666667,4,3.57142857142857,"0",0.873552496252135,1238915249
1,2,"2",3,"1",21,7,"3",4,2.33333333333333,2.5,10,25,15,1.33333333333333,1.33333333333333,3.5,3.71428571428571,"1",0.951763893533089,1238939417
4,6,"2",6,"2",56,11,"1",2,1,1,-64,-88,-79,4.66666666666667,3.66666666666667,3.5,4,"0",0.969603713081164,1238940939
2,4,"1",2,"1",66,7,"3",4,3,2.5,47,50,44,2.66666666666667,2.66666666666667,2,2,"3",1.32018936090903,1238941033
1,3,"2",5,"1",49,7,"2",5,5,3,84,94,96,1,3,5,5,"2",1.18919271070701,1238965277
2,4,"2",5,"1",56,4,"1",2,1,2,-79,-66,-75,1.33333333333333,1,4,3.14285714285714,"0",0.852380503966956,1238966119
2,5,"1",3,"1",75,9,"3",4,5,3,79,79,79,4.66666666666667,3.33333333333333,5,5,"2",1.05497397121027,1238968415
1,5,"2",2,"1",45,4,"2",3,2.33333333333333,1,100,99,0,1.33333333333333,1,3.5,4.71428571428571,"2",0.704586122094288,1238969133
4,6,"1",5,"2",26,12,"3",3,1.66666666666667,1,-6,-23,-8,2.33333333333333,2.66666666666667,3.5,2.85714285714286,"0",0.605133758287199,1238969899
4,6,"2",3,"2",26,6,"3",2,1,2,-36,-60,-47,2.33333333333333,1,3.5,4.28571428571429,"0",0.724042894099634,1238970033
1,4,"1",2,"1",77,9,"2",5,4,3,88,99,99,1,2.33333333333333,5,4.85714285714286,"2",1.32018936090903,1238974917
3,6,"1",3,"1",71,2,"1",3,1.66666666666667,2,-99,-99,-98,1.66666666666667,1.66666666666667,5,5,"0",0.756176216988086,1239001245
4,6,"2",4,"1",51,97,"1",1,1.33333333333333,1,-75,-75,-75,2.66666666666667,2.66666666666667,5,5,"0",0.873552496252135,1239001707
2,5,"2",3,"1",71,3,"1",3,2,2,-48,-84,-40,2.66666666666667,2.33333333333333,3,3.57142857142857,"0",1.09233895417167,1239037095
3,5,"1",5,"1",59,10,"3",4,2.66666666666667,3,70,100,100,1,5,3.25,4.14285714285714,"2",1.01979882655562,1239037499
3,6,"1",4,"1",40,3,"3",1,1.66666666666667,1,-11,-2,1,4,1.66666666666667,1.5,2.42857142857143,"0",1.2427188014491,1239042533
1,5,"1",3,"1",63,97,"2",5,4.66666666666667,4,70,97,98,1,2.66666666666667,5,5,"2",0.955206883442232,1239043427
2,4,"2",5,"2",63,12,"2",3,2.66666666666667,2.5,52,81,76,3,3,4.25,3.71428571428571,"3",0.464128136969953,1239074017
3,6,"2",3,"1",42,8,"3",3,2.66666666666667,2.5,44,5,20,2,2.33333333333333,4.75,4,"1",0.918230570602991,1239075953
1,3,"2",2,"1",54,5,"2",5,3,2,93,97,96,1,3,3.5,4,"2",0.704586122094288,1239080763
2,2,"2",5,"2",31,5,"3",3,2,2,18,22,-21,1.33333333333333,1.33333333333333,4.5,3.57142857142857,"0",0.513617167134639,1239161707
2,5,"2",2,"1",30,7,"1",3,2.33333333333333,2,-60,-32,-48,2.33333333333333,2.33333333333333,3.25,4.14285714285714,"0",0.60825630448923,1239210161
3,6,"2",3,"2",31,10,"3",3,2.66666666666667,2.5,76,76,51,1.33333333333333,2.33333333333333,3,3,"2",0.923584112330913,1239285931
4,6,"2",3,"2",24,3,"1",2,1,1,-26,-44,-31,1,1,2.75,3.71428571428571,"0",1.08456787635983,1239289093
4,6,"1",6,"1",78,10,"3",3,2,2.5,-54,-53,-64,4,1.66666666666667,4.25,4,"0",0.519197675282533,1239292795
4,6,"1",2,"1",50,8,"1",1,1.33333333333333,1.5,-67,-68,-88,3.66666666666667,1,5,5,"0",1.00795090472464,1239309095
4,6,"2",3,"1",36,12,"1",1,1.33333333333333,1,-89,-89,-99,6,2.66666666666667,3.75,5,"0",0.658162322625671,1239322899
1,2,"2",3,"1",44,97,"3",5,4.66666666666667,1,51,93,91,2,5.33333333333333,1.5,1.85714285714286,"2",0.918230570602991,1239329741
3,6,"2",2,"1",79,2,"1",2,2,2,-93,-100,-79,4.66666666666667,1,4.25,4,"0",0.764376193468287,1239353117
3,6,"2",6,"1",76,97,"3",3,2,1.5,-69,-83,-68,4,1.33333333333333,5,4.28571428571429,"0",1.15400474474816,1239365659
1,3,"1",5,"1",54,13,"3",4,4,1.5,0,63,68,1.66666666666667,1.66666666666667,1,1.85714285714286,"2",1.01979882655562,1239427453
4,5,"1",6,"1",26,8,"3",3,1,1,-75,-70,-71,3,2.33333333333333,1,1.28571428571429,"0",0.999536151874356,1239459529
2,6,"2",1,"1",68,2,"1",1,2,3,-100,-53,-48,1,1,3.25,3,"0",6.4749579461662,1239466447
3,6,"1",4,"1",76,8,"3",3,2.66666666666667,1.5,-88,-95,-95,1.66666666666667,1.33333333333333,3,4.14285714285714,"0",0.756176216988086,1239467389
4,5,"1",3,"2",53,2,"1",2,3,3,-94,-85,-85,4,3.66666666666667,5,3,"0",1.05044877276624,1239505569
2,2,"2",3,"2",40,1,"1",1,2.33333333333333,5,3,8,1,3.66666666666667,3.33333333333333,5,5,"3",0.151341666707612,1239520089
1,1,"1",6,"1",64,11,"3",3,4.33333333333333,3.5,59,-81,-55,2.33333333333333,2.66666666666667,2,2,"0",0.725681602642071,1239522443
1,2,"1",6,"2",61,7,"3",3,3,1.5,-87,-95,-96,2.33333333333333,1.66666666666667,2,2,"0",0.480807142672186,1239524843
1,3,"2",2,"2",46,1,"1",5,2.33333333333333,3,-87,-93,-91,1,1,5,5,"0",1.16127641026703,1239538063
1,3,"2",4,"1",42,97,"1",6,2.33333333333333,1.5,-54,-67,-39,1.33333333333333,1,3.25,3.14285714285714,"3",3.6283620991435,1239579301
4,5,"1",5,"1",31,7,"3",3,2.33333333333333,3,44,62,71,2,1.66666666666667,3.5,3.28571428571429,"2",1.12896156161729,1239594533
4,6,"2",2,"2",62,97,"3",3,3.33333333333333,1.5,75,97,28,2.33333333333333,2.66666666666667,1.5,1.14285714285714,"2",1.04129623347971,1239602219
4,6,"1",4,"1",64,11,"1",2,1.33333333333333,1,-88,-93,-96,2.66666666666667,1.33333333333333,4.5,4.85714285714286,"0",0.684665922831909,1239650803
4,6,"2",4,"1",38,9,"1",2,3,1.5,-71,-82,-75,5,3.33333333333333,3.25,3.85714285714286,"0",0.658162322625671,1239656309
2,2,"1",2,"2",24,7,"3",3,1.66666666666667,2,-1,-91,-89,1,1,1,3,"0",2.5052279932961,1239658127
4,6,"2",5,"1",72,6,"2",4,2.33333333333333,2.5,100,92,96,1,4.33333333333333,5,4.42857142857143,"2",1.02021116294363,1239675221
1,4,"1",5,"1",60,8,"1",2,2.33333333333333,2,-55,-74,-79,4.33333333333333,1.66666666666667,4.5,4,"0",0.730963644410155,1239676237
3,6,"1",3,"1",58,9,"2",3,3.66666666666667,4,92,99,99,1,1,2.75,3.85714285714286,"2",0.955206883442232,1239677499
1,2,"1",5,"1",50,16,"2",5,4.66666666666667,2.5,53,97,65,1.66666666666667,4,4.25,4.14285714285714,"2",1.01979882655562,1239677837
1,4,"2",2,"1",52,3,"2",4,4.66666666666667,3,89,83,82,2.33333333333333,1.66666666666667,3.75,4,"2",0.704586122094288,1239699205
1,3,"2",1,"1",47,7,"3",3,2.66666666666667,3,87,94,77,5,5,4,4.14285714285714,"2",1.06126207684566,1239704723
4,6,"1",3,"1",73,97,"2",4,4.33333333333333,4,69,78,75,1,1.66666666666667,5,4.57142857142857,"2",1.05497397121027,1239707035
1,1,"2",4,"1",59,7,"2",5,3.66666666666667,3,100,100,100,1,3,3.5,5,"2",1.21873066796847,1239707879
1,2,"1",3,"2",69,2,"3",3,4.33333333333333,3.5,-47,-92,-54,2,2,4.5,3.28571428571429,"0",0.675546438045946,1239715897
4,6,"1",4,"1",57,9,"2",4,2.33333333333333,3,83,66,48,2,3.33333333333333,3.5,4,"0",0.955206883442232,1239721915
2,4,"1",3,"1",35,5,"3",4,3,2,27,4,15,2.66666666666667,3.33333333333333,4.25,3.42857142857143,"2",0.798750924127264,1239730885
2,4,"1",3,"1",35,5,"3",4,3,2,27,4,15,2.66666666666667,3.33333333333333,4.25,3.42857142857143,"2",0.798750924127264,1239730885
2,6,"2",5,"1",71,4,"1",1,1.33333333333333,1,-96,-97,-94,2.66666666666667,1,5,4.71428571428571,"0",0.731259195749353,1239734767
1,2,"2",5,"1",66,3,"2",4,3.33333333333333,2.5,82,81,80,2,3,4.25,3.71428571428571,"2",1.02021116294363,1239735261
1,2,"2",5,"1",66,3,"2",4,3.33333333333333,2.5,82,81,80,2,3,4.25,3.71428571428571,"2",1.02021116294363,1239735261
1,2,"2",3,"1",68,8,"2",3,3.66666666666667,3,85,84,9,4.33333333333333,3.33333333333333,3.75,4.42857142857143,"2",1.52396906766023,1239737643
4,6,"1",6,"1",41,97,"1",1,1.33333333333333,1,-94,-98,-99,4.66666666666667,1.66666666666667,5,4.42857142857143,"0",0.668922720206947,1239737657
1,6,"1",5,"1",42,16,"2",5,3.66666666666667,5,80,100,99,5,5.66666666666667,5,5,"2",1.12896156161729,1239738013
3,5,"1",4,"2",42,1,"1",4,3,2,-65,-77,-50,2.66666666666667,2.33333333333333,2,2.71428571428571,"0",0.8455082761176,1239753167
2,5,"2",2,"1",49,9,"2",4,3.33333333333333,4,100,100,100,1,1.66666666666667,5,4.71428571428571,"2",0.704586122094288,1239753245
4,6,"2",2,"1",58,4,"2",3,3.33333333333333,4.5,76,88,76,2,2.33333333333333,5,5,"2",0.704586122094288,1239777579
3,6,"2",2,"2",27,3,"2",3,2.33333333333333,1.5,7,-30,-23,3.33333333333333,3.33333333333333,3,3.14285714285714,"2",0.364233897465395,1239784547
1,5,"1",2,"1",64,11,"2",3,2,2,7,13,4,3,3,3,2.85714285714286,"3",1.40623566948165,1239786143
1,2,"2",5,"1",54,10,"2",4,3.66666666666667,3,82,97,98,1,2,4.25,4.28571428571429,"2",1.18919271070701,1239799475
2,2,"1",5,"2",29,7,"2",4,3.66666666666667,3.5,71,87,72,2.66666666666667,2.66666666666667,5,4.85714285714286,"2",0.954427620522076,1239799737
4,6,"1",2,"1",69,2,"1",1,1,2,-87,-97,-93,4,2.66666666666667,4.75,4.57142857142857,"0",0.94627528629437,1239808313
4,5,"2",5,"2",34,6,"3",3,2.33333333333333,2.5,79,57,69,5.66666666666667,5.66666666666667,5,5,"0",0.43999588669101,1239818065
2,5,"1",2,"1",70,5,"3",3,3,3,-38,-61,-60,1,1,2.5,2,"0",0.94627528629437,1239819933
1,2,"2",2,"1",82,3,"2",3,3,2.5,-4,-41,-56,1,1,2,2.28571428571429,"0",0.764376193468287,1239824209
1,1,"1",2,"1",72,4,"1",2,1.66666666666667,1,-95,-96,-91,3.33333333333333,1.33333333333333,4,4.85714285714286,"0",0.94627528629437,1239832719
3,3,"1",5,"1",29,5,"3",3,2.66666666666667,2,8,-40,-33,2.66666666666667,2.33333333333333,4.25,3.42857142857143,"0",1.0409803038109,1239850129
2,6,"1",2,"1",74,7,"1",5,3,3,-100,-98,-99,2,3,3,3,"3",2.04494108933566,1239853125
2,4,"2",6,"1",62,6,"2",4,2.66666666666667,2,79,80,85,1,2.66666666666667,3.75,4.28571428571429,"2",1.23283474441516,1239869709
1,2,"2",2,"1",69,4,"2",5,4.66666666666667,3.5,100,100,89,1,1,4.25,5,"2",1.06641411116284,1239875967
1,1,"1",6,"1",29,13,"1",5,3,4,12,20,12,5,5.66666666666667,3.25,3.85714285714286,"3",0.999536151874356,1239886053
2,4,"2",4,"1",29,9,"2",4,2.33333333333333,3,99,99,100,1,4,4,4.85714285714286,"2",0.951763893533089,1239888479
2,6,"2",2,"1",51,3,"3",6,3,3,0,0,0,1,1,3,3,"2",0.509950488059943,1239911909
1,2,"2",2,"1",42,4,"2",5,3.66666666666667,4,44,72,83,5,5,5,5,"2",0.848604537731446,1239912177
2,5,"2",2,"2",52,11,"2",2,2.33333333333333,2,68,73,83,1.66666666666667,4,3.75,3.71428571428571,"2",0.73150275678247,1239912771
1,5,"2",3,"2",74,9,"1",6,2.33333333333333,3,-77,-85,-96,1,1,5,4.85714285714286,"0",0.916333890938119,1239923231
2,5,"1",4,"2",34,11,"1",3,2.66666666666667,3,6,-15,9,1.33333333333333,1.33333333333333,3,3.42857142857143,"0",0.682381581951627,1239923647
3,5,"1",6,"1",37,16,"1",3,3.66666666666667,3,-53,-38,-54,3.66666666666667,3.33333333333333,4,3.85714285714286,"0",0.668922720206947,1239999149
1,2,"2",4,"2",32,1,"1",3,2.33333333333333,4,-84,-64,-81,3.66666666666667,3.33333333333333,5,3.42857142857143,"3",0.411038951638491,1240004593
1,4,"1",6,"2",30,9,"3",3,3,1.5,-4,0,-3,2.66666666666667,1,2,3.71428571428571,"1",1.0071299773407,1240022989
2,2,"1",2,"2",40,9,"1",3,3,3.5,-75,-95,-96,2.66666666666667,2,4,3,"0",0.873565723672917,1240039899
3,6,"1",5,"2",73,9,"1",2,1.33333333333333,1.5,-80,-100,-100,2.66666666666667,1.66666666666667,4,4.28571428571429,"0",1.17836867382103,1240041319
3,6,"2",3,"1",42,9,"1",4,3,2.5,-55,-54,-68,1.66666666666667,2,4.25,2.71428571428571,"0",0.658162322625671,1240051945
3,6,"1",2,"1",50,2,"3",3,3.33333333333333,2,8,12,28,2.33333333333333,1.66666666666667,3,4,"2",1.40623566948165,1240054335
4,6,"1",2,"1",62,9,"3",3,3.66666666666667,3,-51,-92,-67,2,1.66666666666667,2.25,3,"0",1.00795090472464,1240054363
2,4,"1",5,"1",60,8,"1",2,1.66666666666667,1,-62,-79,-71,5.66666666666667,2.66666666666667,5,4.28571428571429,"0",0.730963644410155,1240061147
1,3,"2",2,"1",19,97,"2",5,4.33333333333333,3.5,80,100,70,1,2.66666666666667,4.25,4.42857142857143,"2",0.873377194760798,1240071227
2,6,"2",5,"2",32,97,"1",2,3,2.5,-98,-92,-99,1.66666666666667,1,4.25,3.85714285714286,"0",0.684557781950143,1240071719
2,5,"2",2,"2",56,5,"3",3,2.33333333333333,2.5,-15,-76,-90,1.66666666666667,1.66666666666667,2,2,"0",1.06842270527473,1240099357
4,5,"2",2,"1",63,2,"2",3,3.33333333333333,4.5,91,91,74,1,1,3.5,3.57142857142857,"2",0.704586122094288,1240129965
2,5,"2",3,"1",56,5,"1",2,3.66666666666667,1,-74,-91,-93,2.66666666666667,1,5,5,"0",0.873552496252135,1240141179
3,6,"2",3,"2",74,3,"3",4,4,1.5,45,50,49,1,1,3,3,"0",4.14731044977772,1240144325
2,4,"2",5,"2",50,8,"2",5,3.66666666666667,5,96,99,97,3,3,5,5,"2",0.464128136969953,1240177985
1,4,"1",5,"2",32,1,"1",2,2.33333333333333,1,-100,-96,-99,1.33333333333333,1,5,5,"0",0.602171220819208,1240190717
2,2,"1",2,"2",42,97,"1",2,2.33333333333333,3.5,-66,-93,-87,2.33333333333333,1,4.25,5,"0",0.873565723672917,1240197555
1,2,"1",5,"2",31,11,"3",5,4.33333333333333,5,54,99,96,1,4.66666666666667,5,5,"2",0.379481295041239,1240203099
4,6,"2",5,"2",27,7,"1",2,1.66666666666667,2,-11,-46,-21,2,3,4,3.85714285714286,"0",0.734682847960178,1240204719
1,2,"1",2,"2",64,9,"3",4,4.33333333333333,2.5,50,90,100,1.66666666666667,4.66666666666667,5,5,"2",0.549757409104261,1240220073
2,5,"2",2,"2",41,12,"1",3,3.33333333333333,3.5,23,97,96,1.33333333333333,1.66666666666667,2,2.71428571428571,"2",0.809501393607847,1240227183
1,1,"2",5,"2",30,6,"1",2,1.33333333333333,1,-53,-68,-89,4.33333333333333,1,3.5,5,"0",0.684557781950143,1240248629
1,2,"1",6,"1",59,14,"3",3,2,1,-78,-92,-93,3.66666666666667,3,3.75,4,"0",0.725681602642071,1240259519
4,6,"2",5,"2",46,12,"2",5,3,3.5,46,63,76,4,4,5,4.28571428571429,"2",2.94441918405168,1240262199
2,4,"2",5,"1",68,4,"1",2,2.33333333333333,2,-77,-81,-87,4,1.66666666666667,5,4.57142857142857,"0",0.731259195749353,1240273153
4,6,"2",4,"1",29,7,"2",4,3.66666666666667,2,10,59,0,2.33333333333333,2.33333333333333,3.75,4,"2",0.951763893533089,1240280699
4,6,"1",3,"2",63,97,"1",2,3.33333333333333,2,-85,-97,-96,3.33333333333333,1.66666666666667,4.75,4,"0",1.05044877276624,1240306157
1,6,"1",4,"1",65,97,"2",4,3,3,18,87,90,1,4.33333333333333,5,3.85714285714286,"2",1.05497397121027,1240322949
4,6,"1",6,"1",66,97,"3",3,1.66666666666667,1,-61,-60,-60,4.33333333333333,1,3.5,5,"0",0.519197675282533,1240325313
1,2,"1",6,"1",57,9,"1",1,1,1,-47,-90,-79,3.33333333333333,1.66666666666667,2.5,4,"0",0.725681602642071,1240325357
4,6,"2",3,"1",64,4,"3",2,1,2.5,-80,-79,-99,4.66666666666667,4.66666666666667,4,5,"0",0.873552496252135,1240348917
4,6,"1",6,"1",64,8,"1",3,2.33333333333333,1.5,-70,-88,-76,3,1.66666666666667,4.25,3.71428571428571,"0",0.725681602642071,1240349029
3,5,"2",4,"1",61,2,"3",3,1,1,-34,-90,-80,4.33333333333333,2,3.75,4.42857142857143,"0",0.873552496252135,1240350539
4,6,"2",5,"1",39,97,"3",2,2.66666666666667,2,-77,-96,-75,2.66666666666667,1.33333333333333,4,4.28571428571429,"0",0.737816280310873,1240351415
4,6,"2",6,"1",33,14,"3",2,1.66666666666667,1.5,-69,-76,-82,4.33333333333333,3.33333333333333,4.5,4.28571428571429,"0",0.855742920956741,1240353287
2,4,"1",2,"1",48,6,"2",4,4.33333333333333,3.5,50,100,100,3.33333333333333,3.66666666666667,5,5,"2",1.40623566948165,1240356865
2,6,"1",2,"1",42,97,"3",3,2.33333333333333,3,-7,-77,-69,3.33333333333333,3,3.25,3,"0",0.913404358106246,1240358471
1,2,"2",6,"1",62,11,"3",3,3.33333333333333,4,29,75,99,1,3.66666666666667,5,4.14285714285714,"2",1.23283474441516,1240375095
3,5,"2",5,"1",64,7,"3",3,1.66666666666667,1,-63,-87,-69,5,3,3.25,3.85714285714286,"0",0.852380503966956,1240402273
3,5,"2",3,"1",56,6,"1",2,1,1.5,-73,-95,-94,5,1.33333333333333,4.5,4.57142857142857,"0",0.873552496252135,1240402527
2,2,"1",4,"1",69,5,"2",4,2.66666666666667,2.5,80,60,50,1,4,4.5,4.28571428571429,"2",1.05497397121027,1240403581
3,5,"2",3,"1",58,8,"3",3,1,1.5,-53,-74,-82,2,2,5,4.85714285714286,"0",0.873552496252135,1240403591
2,3,"1",6,"1",31,11,"3",2,4,3.5,18,-11,22,4.66666666666667,4,3.25,3.14285714285714,"0",0.933242864183629,1240406659
3,5,"1",6,"1",70,11,"3",5,3,2.5,29,9,23,1,2.66666666666667,3.5,3,"1",0.724355012800656,1240432305
3,6,"2",5,"2",28,10,"1",1,1.33333333333333,1.5,-43,-63,-64,3.66666666666667,1.33333333333333,4,4.71428571428571,"0",0.603142337318138,1240450625
4,6,"2",4,"1",69,2,"3",3,2.66666666666667,3,-77,-85,-84,1.33333333333333,1,2,2,"0",1.09233895417167,1240459041
2,6,"1",2,"2",37,5,"1",1,1.33333333333333,2,-46,-68,-62,2,1.33333333333333,4,4.14285714285714,"0",0.86252325111689,1240467431
1,5,"2",4,"1",70,6,"1",3,3,2.5,-58,-60,-47,2.66666666666667,2.66666666666667,3,3.71428571428571,"0",1.09233895417167,1240468431
1,5,"1",3,"1",73,8,"3",6,3.33333333333333,4.5,98,98,99,1,1.33333333333333,1,1.28571428571429,"2",1.05497397121027,1240469725
1,6,"1",2,"1",42,1,"1",2,1.66666666666667,3,-86,-91,-95,1,1,4.25,2.71428571428571,"3",0.913404358106246,1240475465
3,5,"1",2,"2",61,11,"1",3,3.33333333333333,2,-93,-95,-95,6,2,5,5,"0",2.1717419492091,1240476645
1,7,"2",2,"1",63,7,"2",3,3.66666666666667,3,94,97,97,1,3.33333333333333,5,5,"2",0.704586122094288,1240477461
4,6,"2",5,"1",49,2,"1",1,1,1,-90,-99,-89,4.33333333333333,1.33333333333333,5,5,"0",0.852380503966956,1240507015
3,6,"2",3,"1",64,9,"1",3,1.66666666666667,3,-99,-100,-99,1.33333333333333,1.33333333333333,4,5,"0",0.873552496252135,1240517995
4,6,"1",4,"1",33,10,"2",5,3.33333333333333,3.5,-49,-49,-65,1,2.66666666666667,3,3.85714285714286,"2",1.73377046197565,1240518227
4,6,"1",5,"1",55,3,"3",2,2,2,-41,-59,-50,2.66666666666667,2,5,5,"0",0.730963644410155,1240519973
1,1,"2",3,"2",71,6,"1",2,3,2.5,-89,-89,-98,1.33333333333333,1.33333333333333,4.25,4,"0",0.916333890938119,1240534181
4,6,"2",5,"1",32,10,"3",1,1,1,-71,-68,-81,2.66666666666667,1,3.75,4,"0",0.404758035334017,1240549649
3,4,"1",5,"1",43,6,"3",4,3,3,89,98,80,1,6,3.5,4,"2",1.12896156161729,1240555205
1,2,"2",6,"2",42,11,"3",3,1.66666666666667,2,3,67,40,2,2,1,2.57142857142857,"3",0.357026516639967,1240580015
3,6,"2",2,"1",54,3,"1",3,2,3,-95,-99,-96,1.66666666666667,1.33333333333333,5,5,"0",0.505027880201008,1240580661
4,6,"2",6,"1",33,11,"1",2,1,1,-84,-55,-79,4,1,3.5,4.57142857142857,"0",0.855742920956741,1240596173
1,5,"2",3,"2",29,1,"2",5,4.33333333333333,3.5,96,99,92,3,3,5,5,"3",0.374064942088831,1240610477
3,5,"1",5,"2",40,6,"1",2,3.33333333333333,1,-58,-79,-53,1,1,3.75,3.71428571428571,"0",1.47483638418006,1240738573
2,6,"2",1,"1",56,3,"2",3,3,4,73,83,73,1,1,3.75,4,"2",1.06126207684566,1240745885
4,6,"2",5,"1",43,9,"2",3,2,1,48,74,76,1.33333333333333,1.66666666666667,3,3.71428571428571,"2",1.02935923370282,1240785801
1,2,"2",3,"1",54,7,"2",5,3.66666666666667,3,50,84,52,1,3,3.5,3.57142857142857,"1",1.21873066796847,1240790819
1,3,"2",5,"1",53,9,"3",3,2.33333333333333,1,37,40,61,1,2.33333333333333,2,2,"2",1.18919271070701,1240858175
4,6,"2",2,"1",26,97,"3",6,1.33333333333333,1.5,-22,-35,-23,2.33333333333333,2.33333333333333,3,2.85714285714286,"0",0.626012661127782,1240883399
2,2,"1",6,"1",55,10,"3",2,2,3.5,100,40,50,2.66666666666667,2.66666666666667,1,1,"0",1.0124296228502,1240940841
2,5,"2",3,"2",47,3,"2",4,3.33333333333333,4,86,94,82,2,2,5,4.85714285714286,"2",0.464070707835749,1240941587
1,1,"2",5,"2",45,9,"2",5,3.66666666666667,4.5,95,100,94,1,2,5,5,"2",0.79892279037902,1240962811
2,5,"1",4,"1",57,10,"2",5,3,3.5,75,90,89,1,3,4.25,4.42857142857143,"2",0.955206883442232,1240999511
4,6,"2",5,"1",67,5,"1",1,1,1,-85,-79,-80,5.33333333333333,2.33333333333333,4,3.85714285714286,"0",0.731259195749353,1241044075
2,2,"2",3,"1",29,9,"2",5,3,4,97,100,94,1,2,5,5,"2",0.951763893533089,1241082843
1,2,"2",5,"1",67,97,"3",4,3.33333333333333,3,42,94,95,2,5.66666666666667,4.25,5,"2",1.02021116294363,1241095039
3,5,"1",5,"1",64,2,"3",3,1.66666666666667,2,-53,-89,-73,3,3,4,4.85714285714286,"0",0.730963644410155,1241123069
1,1,"1",5,"2",29,6,"1",1,1,1,-60,-60,-70,3.66666666666667,2,3.75,4.85714285714286,"0",1.58953167357545,1241183967
1,4,"2",2,"2",65,2,"1",2,2.66666666666667,2.5,-85,-90,-85,3.33333333333333,2.33333333333333,3.25,3,"0",1.30503165473012,1241202461
3,5,"2",4,"2",24,4,"3",2,4,2.5,-13,-36,8,3.33333333333333,3,2.75,3,"3",1.08456787635983,1241383489
2,3,"1",5,"1",65,12,"3",3,1.33333333333333,2.5,-10,-75,-90,5,4.33333333333333,3.75,4.14285714285714,"0",0.684277867979856,1241447493
4,4,"2",5,"1",27,10,"1",2,1.33333333333333,1.5,-32,-48,-64,2.33333333333333,1.33333333333333,3,4.28571428571429,"0",0.492619506186913,1241663893
3,6,"2",5,"2",23,10,"1",1,1,1,-70,-89,-66,1.66666666666667,1,3.75,3.85714285714286,"0",1.25607546122251,1241664149
4,5,"1",2,"1",55,7,"2",3,3.33333333333333,4.5,98,52,100,1,2,5,5,"2",1.40623566948165,1241751297
2,7,"2",2,"2",24,1,"3",4,1.66666666666667,2,2,27,-29,1,2,3.25,3,"3",2.94817499727164,1241781033
1,2,"2",5,"1",27,5,"3",3,2.66666666666667,2,-2,-40,-22,1.66666666666667,1.66666666666667,3,3,"0",0.46811682364225,1241788429
4,6,"2",5,"1",28,8,"3",1,1,1,-59,-52,-49,3,1.33333333333333,3.5,5,"0",0.492619506186913,1241805055
4,6,"1",3,"1",20,5,"1",1,1,1,-65,-52,-82,2.66666666666667,1.66666666666667,4.5,4.85714285714286,"0",1.02718369464679,1241806265
3,5,"1",1,"1",92,5,"3",4,4.33333333333333,4.5,41,65,29,1.66666666666667,4.33333333333333,4.25,4.14285714285714,"2",1.73385095409516,1241813541
4,6,"1",3,"1",25,4,"3",2,1,1,-65,-60,-65,1.66666666666667,1.33333333333333,5,5,"0",1.02718369464679,1241976531
2,4,"2",3,"2",28,8,"1",6,2,1.5,-75,-68,-84,1,1,2.25,4.85714285714286,"0",0.769341741494712,1242048283
3,5,"2",4,"2",48,4,"1",3,4.33333333333333,1,-9,-30,-31,2.33333333333333,2,3.75,2.85714285714286,"0",0.815395494521315,1242115369
1,2,"1",2,"1",44,4,"2",4,2.66666666666667,3.5,66,39,41,1.33333333333333,1.33333333333333,3,3.42857142857143,"2",1.27432971487822,1242207757
1,6,"2",2,"1",52,3,"3",6,3,2,-6,13,1,1,1,3,3,"1",0.509950488059943,1242208095
3,5,"2",2,"1",52,9,"2",4,3,3,64,58,51,1,1,4,4,"1",0.704586122094288,1242250449
4,5,"1",5,"2",55,97,"3",3,1.66666666666667,1,-50,-85,-41,4.33333333333333,3.33333333333333,3,3.85714285714286,"0",0.302331134020441,1242261121
2,3,"2",2,"1",73,97,"1",3,1.66666666666667,1.5,-81,-99,-99,3,1.66666666666667,5,4.42857142857143,"0",0.764376193468287,1242273935
1,4,"2",2,"2",61,2,"1",4,3.33333333333333,3,-87,-92,-90,3.66666666666667,1,4.5,4,"0",1.16127641026703,1242274275
2,4,"2",6,"2",47,10,"1",3,2.66666666666667,3,40,-66,-91,1,1,2.25,3.57142857142857,"0",0.969603713081164,1242306591
1,4,"1",4,"1",35,9,"1",2,1.33333333333333,4.5,5,-4,-11,5,4.66666666666667,4.25,4.42857142857143,"0",1.2427188014491,1242333587
1,1,"1",3,"1",66,2,"3",4,3.66666666666667,2,-35,-74,-74,1,1.33333333333333,2.25,3,"0",1.3346991051632,1242335125
1,1,"2",4,"1",72,2,"3",3,3.66666666666667,3,46,36,71,3,3,2,3.42857142857143,"1",1.52396906766023,1242388095
4,6,"1",6,"1",47,7,"1",1,1,1.5,-49,-86,-79,1.66666666666667,1.33333333333333,5,5,"0",0.725681602642071,1242391261
2,1,"2",3,"2",58,2,"1",2,1.33333333333333,1,-99,-99,-100,5.33333333333333,2,4.75,4,"0",0.58445750332965,1242411855
4,5,"2",5,"1",51,11,"3",2,1.33333333333333,2,-100,-99,-99,4.33333333333333,1,5,4.85714285714286,"0",0.852380503966956,1242412349
4,6,"1",6,"1",60,12,"1",1,1.33333333333333,1,-59,-65,-80,5,1,5,4.71428571428571,"0",0.725681602642071,1242412953
2,6,"2",2,"1",80,3,"2",4,2.66666666666667,3,84,81,92,1,2.33333333333333,5,4.57142857142857,"2",1.06641411116284,1242421151
2,5,"1",5,"1",70,9,"3",3,4.33333333333333,3,71,91,90,2.33333333333333,3,1,1.14285714285714,"2",0.954665491423916,1242428777
3,5,"1",6,"1",66,12,"1",3,1,1.5,-32,-57,-55,1.66666666666667,1,3.5,4.85714285714286,"0",0.519197675282533,1242428941
2,4,"1",6,"1",81,7,"3",3,1.66666666666667,1,-82,-97,-96,4.33333333333333,1.33333333333333,4.25,5,"0",1.1387164024224,1242428993
3,4,"2",3,"1",56,5,"2",3,2.66666666666667,2.5,31,31,7,1.66666666666667,1.66666666666667,3.25,3,"1",1.21873066796847,1242430017
1,3,"1",5,"1",55,10,"1",3,2.33333333333333,1,50,70,27,6,5.66666666666667,1,2.85714285714286,"2",1.01979882655562,1242430169
1,3,"1",5,"1",55,10,"1",3,2.33333333333333,1,50,70,27,6,5.66666666666667,1,2.85714285714286,"2",1.01979882655562,1242430169
1,2,"2",5,"1",60,2,"1",4,1.66666666666667,1,-97,-98,-100,4.33333333333333,4.33333333333333,5,5,"0",0.852380503966956,1242430409
2,3,"2",5,"1",48,7,"3",2,1.33333333333333,1,-56,-77,-51,4,3.33333333333333,5,4.71428571428571,"0",0.852380503966956,1242431321
4,6,"2",6,"1",45,13,"1",1,1,1,-60,-61,-75,2.66666666666667,1.66666666666667,4.5,5,"0",0.883661908865727,1242431515
1,4,"1",6,"2",65,9,"3",4,4.66666666666667,4.5,63,99,100,1,3.33333333333333,5,4.85714285714286,"2",0.366597694485517,1242431923
4,5,"2",6,"1",67,10,"3",2,2,2.5,-59,-85,-73,4.33333333333333,2,4,3.42857142857143,"0",1.15400474474816,1242432005
3,6,"1",5,"1",63,6,"3",4,3.33333333333333,3,69,100,52,1.66666666666667,5.33333333333333,3.5,4,"2",1.01979882655562,1242452831
4,6,"2",6,"1",70,97,"1",1,1,1,-96,-100,-95,4.66666666666667,1.66666666666667,5,4.71428571428571,"0",1.15400474474816,1242452911
4,6,"1",3,"1",52,3,"3",2,2,1.5,-53,-67,-67,3,2.66666666666667,3.75,4,"0",0.684665922831909,1242454629
1,4,"2",4,"1",48,5,"1",4,3.66666666666667,1,-87,-99,-97,2.33333333333333,3,2.25,3.57142857142857,"0",1.21899510444004,1242455827
2,5,"1",3,"1",64,10,"2",4,4,4.5,50,100,100,1,2.66666666666667,4.5,4.85714285714286,"2",1.07383031232214,1242499635
4,6,"2",5,"1",54,9,"1",3,1,1.5,-88,-99,-98,4,1,3.5,4.42857142857143,"0",0.852380503966956,1242500387
4,4,"2",6,"1",37,3,"1",1,1,1.5,-55,-60,-70,2.66666666666667,2,3.5,4.14285714285714,"0",0.855742920956741,1242525571
4,6,"2",3,"1",58,2,"3",3,2,2.5,-39,-67,-37,4,1.66666666666667,1.75,2.14285714285714,"0",0.873552496252135,1242529769
4,6,"1",5,"1",41,10,"1",2,2,1,-77,-85,-87,4.33333333333333,3.66666666666667,4.5,4.71428571428571,"0",0.809208479152677,1242530527
1,1,"1",2,"1",40,5,"3",3,3.66666666666667,3,98,93,60,1.33333333333333,1.33333333333333,3.5,3,"2",1.27432971487822,1242548835
1,2,"2",4,"1",65,8,"2",5,3.33333333333333,3.5,63,80,59,1,4.66666666666667,4.75,4.71428571428571,"2",1.52396906766023,1242552481
4,5,"1",3,"1",58,12,"1",1,2,1.5,-78,-77,-78,4,1.33333333333333,4,4.28571428571429,"0",0.684665922831909,1242571973
2,2,"1",5,"1",61,6,"1",2,2.33333333333333,2,-45,-70,-50,4,2.33333333333333,3,4.14285714285714,"0",0.730963644410155,1242578385
4,6,"2",2,"1",67,2,"1",2,1.33333333333333,1,-97,-99,-93,2.66666666666667,1,5,5,"0",0.764376193468287,1242584851
4,6,"1",3,"1",53,4,"3",3,3.66666666666667,4,-27,-59,-48,1,1,3.5,3,"0",0.37560032379447,1242617657
1,2,"2",5,"1",29,3,"1",1,1,1,-64,-87,-78,2.33333333333333,1,5,5,"0",0.492619506186913,1242661177
4,6,"1",4,"1",58,5,"3",3,1.66666666666667,2.5,-65,-90,-91,3.66666666666667,1,4,4.28571428571429,"0",0.684665922831909,1242717029
4,5,"2",5,"1",38,10,"3",2,1.66666666666667,1.5,-44,-62,-47,4,3.33333333333333,3.25,4.14285714285714,"3",0.737816280310873,1242729905
1,1,"1",6,"1",74,5,"1",2,1,1,-92,-83,-93,4.66666666666667,2.66666666666667,5,5,"0",1.1387164024224,1242822245
1,2,"1",3,"1",58,13,"2",3,2,1.5,-20,-79,-70,2.33333333333333,1.33333333333333,2.5,3.71428571428571,"3",0.684665922831909,1242839793
4,6,"1",5,"1",69,7,"3",3,1.66666666666667,2,-72,-84,-89,2.66666666666667,1,4,4.28571428571429,"0",0.684277867979856,1242840975
1,4,"1",5,"1",64,12,"3",4,4.33333333333333,1.5,60,85,98,1.33333333333333,3,4.5,4.42857142857143,"2",1.01979882655562,1242858711
1,2,"2",3,"1",73,9,"2",5,4,2.5,75,98,98,1.33333333333333,3.66666666666667,3.75,4,"2",1.52396906766023,1242860545
2,4,"1",6,"1",67,5,"3",4,3.33333333333333,3,61,60,28,1,3.66666666666667,1.75,2.57142857142857,"2",0.33371155441848,1242860715
3,7,"2",3,"1",48,97,"3",2,1,1,-50,-49,-51,4.33333333333333,3.33333333333333,1.5,2.71428571428571,"0",0.873552496252135,1242876535
1,1,"1",4,"1",81,11,"2",4,4,2,69,97,86,1,2.66666666666667,3.5,3.71428571428571,"2",1.05497397121027,1242878161
1,2,"2",5,"1",58,3,"1",3,4.33333333333333,2,-91,-98,-95,1,1,4,3.85714285714286,"0",0.852380503966956,1242896465
4,6,"2",6,"1",52,1,"3",1,1,1.5,-68,-69,-69,5,1.66666666666667,5,4.71428571428571,"0",0.883661908865727,1242913981
2,5,"2",6,"1",45,12,"3",3,3.33333333333333,2.5,-11,-30,-50,3.66666666666667,2.66666666666667,3,3.71428571428571,"0",0.883661908865727,1242915645
2,5,"2",3,"2",52,3,"1",3,2.66666666666667,3,-32,-42,-58,1.33333333333333,1.33333333333333,3.25,2.85714285714286,"0",1.21899510444004,1242918233
2,4,"1",5,"1",50,11,"1",3,1,1,-88,-98,-96,4,1.66666666666667,5,5,"0",0.730963644410155,1242932611
4,5,"2",6,"1",69,9,"2",4,2.33333333333333,3.5,59,95,86,3.66666666666667,4.66666666666667,4.75,4,"2",1.61000166497124,1242948597
4,6,"1",6,"1",32,11,"1",1,1.33333333333333,1,-64,-68,-80,3.33333333333333,2,4.25,4.57142857142857,"0",0.668922720206947,1242967079
1,3,"1",5,"1",61,4,"3",5,1.33333333333333,2.5,91,95,95,1.33333333333333,3.33333333333333,2.75,4.71428571428571,"2",1.01979882655562,1242984985
3,3,"2",5,"1",62,97,"1",2,2,1,-87,-89,-89,4,1.66666666666667,4.25,4.57142857142857,"0",0.852380503966956,1243021491
2,5,"2",2,"1",68,7,"2",4,2.66666666666667,2.5,88,96,88,1,4.66666666666667,4.25,4.28571428571429,"2",1.06641411116284,1243210089
2,5,"2",2,"1",68,7,"2",4,2.66666666666667,2.5,88,96,88,1,4.66666666666667,4.25,4.28571428571429,"2",1.06641411116284,1243210089
1,4,"2",4,"2",65,2,"1",4,3,2,-58,-69,-45,3,2,3,3.14285714285714,"0",0.916333890938119,1243259967
1,1,"2",5,"1",55,2,"3",3,2.33333333333333,1.5,0,-63,-57,4,4,1.25,1.71428571428571,"0",0.852380503966956,1243293993
2,5,"2",3,"2",72,6,"1",2,1,1.5,-99,-96,-99,3.33333333333333,1,5,4.28571428571429,"0",2.19258905859135,1243491311
4,6,"2",3,"1",28,11,"1",1,1,1,-39,-25,-60,1,1,5,4,"0",0.682198082718624,1243623533
4,6,"1",3,"1",48,8,"3",5,4.33333333333333,3,64,85,92,2.33333333333333,3.66666666666667,2.75,4.42857142857143,"2",0.955206883442232,1243688863
4,6,"1",5,"1",52,97,"3",3,2,1.5,-98,-98,-97,1,1,4,4.42857142857143,"0",0.730963644410155,1243727265
4,6,"2",6,"1",65,14,"1",2,1,1,-85,-93,-89,5,1.66666666666667,5,5,"0",1.15400474474816,1243728529
4,6,"1",6,"1",73,11,"1",1,1,1,-94,-98,-93,6,1.33333333333333,5,5,"0",0.519197675282533,1243729795
4,6,"1",5,"1",69,97,"3",3,1.33333333333333,2,-82,-94,-85,3,3.33333333333333,4,5,"0",0.684277867979856,1243729995
3,6,"1",5,"1",68,12,"1",3,1.33333333333333,2.5,-62,-84,-92,3,1,2.25,4,"0",0.684277867979856,1243745743
4,6,"1",6,"1",71,9,"1",2,1,1,-90,-85,-100,4.66666666666667,1.66666666666667,4,5,"0",0.519197675282533,1243746893
2,4,"1",5,"1",58,2,"3",3,1,1,-63,-91,-92,2.33333333333333,1.33333333333333,1,1,"0",0.730963644410155,1243764127
1,1,"1",3,"1",77,7,"2",5,3.33333333333333,3,72,96,94,1,3.66666666666667,4,4,"3",1.05497397121027,1243801165
1,1,"2",3,"2",61,12,"1",6,2.33333333333333,4,-71,-71,-61,2.33333333333333,3.66666666666667,3,1.85714285714286,"3",0.815395494521315,1243808303
2,4,"2",2,"1",77,4,"1",2,1,1,-98,-100,-100,4,1,5,5,"0",0.764376193468287,1243809947
4,6,"2",4,"1",52,8,"1",3,1,2,-65,-90,-71,4.33333333333333,2.33333333333333,4,4.14285714285714,"0",0.873552496252135,1243819321
4,6,"1",6,"1",61,14,"1",1,1,1,-72,-87,-74,3.66666666666667,1,2.75,4.14285714285714,"0",0.725681602642071,1243837135
3,4,"2",6,"1",80,9,"2",5,3.33333333333333,4,57,96,97,1.33333333333333,5.33333333333333,5,4.71428571428571,"2",1.61000166497124,1243837477
1,3,"1",5,"1",66,97,"3",4,4.33333333333333,3.5,59,99,98,1,4,4.75,5,"2",0.954665491423916,1243853945
4,6,"2",5,"1",65,6,"1",1,1.33333333333333,1,-89,-98,-98,4.66666666666667,1,5,5,"0",0.731259195749353,1243854817
2,3,"2",6,"1",41,10,"3",1,1,1,-15,-49,-51,3.33333333333333,2,2.75,5,"0",0.855742920956741,1243892333
4,6,"2",6,"1",62,9,"1",1,1,1,-100,-100,-100,4.66666666666667,1,5,5,"0",0.883661908865727,1243892671
4,6,"2",5,"1",45,8,"1",3,1,1,-100,-100,-99,1,1,5,4.28571428571429,"0",0.852380503966956,1243893747
3,5,"2",6,"1",50,9,"3",3,1.33333333333333,1,-6,-32,-27,1.66666666666667,1.33333333333333,3,3.14285714285714,"0",0.883661908865727,1243910011
4,6,"1",6,"2",46,97,"2",4,3.33333333333333,3.5,98,98,98,1,4.33333333333333,5,4.71428571428571,"2",0.23762019745613,1243945333
2,5,"2",3,"1",67,97,"1",3,1.33333333333333,1.5,-97,-100,-95,4.66666666666667,1.33333333333333,4.5,5,"0",1.09233895417167,1243963591
2,5,"2",2,"1",29,6,"3",6,3,4.5,-5,1,-12,2,2.33333333333333,3,3,"2",0.754829055783305,1243971077
2,5,"1",5,"2",40,3,"3",2,2,2,-41,-50,-46,2.33333333333333,1.66666666666667,3.25,3.71428571428571,"0",0.602171220819208,1244033791
2,6,"2",2,"1",34,3,"3",6,1.66666666666667,1,-12,-1,-5,1.33333333333333,1.33333333333333,1,1.28571428571429,"0",0.60825630448923,1244039497
2,4,"2",2,"1",55,5,"3",4,3,2.5,61,50,71,1,1,3.25,3.85714285714286,"1",0.704586122094288,1244124017
4,6,"2",4,"1",28,4,"2",3,2,2.5,42,50,51,2.66666666666667,2.33333333333333,3,3,"2",0.951763893533089,1244136159
3,4,"1",5,"1",71,9,"2",5,3.66666666666667,3,95,100,99,1,3.33333333333333,5,4.85714285714286,"2",0.954665491423916,1244152521
2,4,"2",1,"1",60,5,"2",3,3.33333333333333,3.5,97,99,98,1,1.33333333333333,2,3,"2",1.06126207684566,1244250875
4,6,"1",2,"1",64,2,"3",3,2.66666666666667,2,-32,-48,-47,1,2.33333333333333,4,4,"0",1.00795090472464,1244310527
2,4,"1",5,"1",23,4,"1",2,1.33333333333333,1,-66,-87,-69,3.66666666666667,1,4,4.57142857142857,"0",1.0409803038109,1244331365
3,5,"2",4,"2",56,5,"1",1,2,2,-98,-99,-95,2,1,3,4.28571428571429,"0",0.58445750332965,1244360163
2,4,"1",5,"2",70,7,"1",2,1.66666666666667,1.5,-18,-77,-74,3.66666666666667,1.33333333333333,3.75,3.85714285714286,"0",0.910885883337903,1244417055
1,2,"2",6,"1",44,11,"2",5,4,3.5,54,92,81,1,2.33333333333333,2.5,4.14285714285714,"0",1.19388376330148,1244422983
4,6,"1",5,"1",44,14,"3",3,3.66666666666667,4,96,100,99,1,4,1,1.28571428571429,"2",1.12896156161729,1244547935
3,6,"2",2,"1",77,2,"2",4,3,3.5,100,100,100,1,4.33333333333333,5,4.71428571428571,"2",1.06641411116284,1244680141
4,4,"2",3,"1",19,9,"3",6,1,1,-27,-45,-66,2,2,3.75,4.85714285714286,"0",0.682198082718624,1244711637
1,3,"2",5,"2",40,97,"3",4,3,2.5,63,20,19,5.66666666666667,5.66666666666667,3,4,"2",0.955056011445832,1244762353
1,5,"2",3,"2",55,3,"3",3,4.66666666666667,3,20,0,-10,3,2,3,3.71428571428571,"0",1.13759333292503,1244908901
2,4,"1",6,"1",76,97,"1",2,1.33333333333333,2.5,-72,-86,-79,4.33333333333333,4.33333333333333,4.5,4.28571428571429,"0",0.519197675282533,1245030549
4,6,"2",4,"1",27,3,"1",1,1,1.5,-97,-99,-91,3.66666666666667,3,5,3.57142857142857,"3",0.682198082718624,1245053123
2,6,"2",2,"1",62,9,"3",1,2.33333333333333,1.5,-85,-90,-90,3.33333333333333,1,5,5,"0",0.505027880201008,1245116977
3,5,"2",3,"1",39,4,"3",3,4,2,30,55,38,2.66666666666667,3.33333333333333,5,4.57142857142857,"2",0.918230570602991,1245133657
2,2,"1",5,"1",44,97,"3",3,2.66666666666667,3,17,12,5,1.33333333333333,1.33333333333333,3.25,3.42857142857143,"3",0.520114461760069,1245139709
3,5,"1",3,"1",53,12,"2",4,3,3,80,91,88,1,4.66666666666667,3.25,3.85714285714286,"2",0.955206883442232,1245161645
4,6,"1",3,"1",24,12,"2",4,5,3.5,85,99,75,1,4,5,5,"2",1.43306816210147,1245172473
2,4,"1",4,"1",65,97,"1",3,2,2,-96,-99,-98,3.66666666666667,1.66666666666667,5,3.85714285714286,"0",0.756176216988086,1245174685
1,7,"2",4,"1",57,97,"3",5,2,4,75,77,89,1,1,5,4.71428571428571,"1",1.21873066796847,1245174959
4,6,"2",5,"1",66,3,"1",2,1,1.5,-87,-97,-92,4.33333333333333,1,5,4.28571428571429,"0",0.731259195749353,1245177569
2,3,"2",5,"1",56,7,"1",3,1.66666666666667,2,-95,-92,-84,4.33333333333333,1.66666666666667,3.75,4.42857142857143,"0",0.852380503966956,1245197081
3,6,"2",3,"1",54,3,"1",2,2.33333333333333,3,-87,-84,-58,2,1.66666666666667,3,3,"3",0.873552496252135,1245199467
1,2,"2",3,"1",57,11,"2",5,3.66666666666667,4,99,94,96,1,3.33333333333333,5,5,"1",1.21873066796847,1245223079
1,2,"2",3,"2",69,10,"2",3,2.66666666666667,2.5,64,58,25,1,2,3.75,3.71428571428571,"2",0.680445855082232,1245300571
2,2,"1",3,"1",53,4,"2",5,3,3,47,41,44,1.33333333333333,3.33333333333333,3,3,"3",0.955206883442232,1245330761
1,7,"2",5,"1",35,4,"3",2,1,1,-93,-97,-89,3,1,5,5,"0",0.737816280310873,1245331209
4,5,"2",5,"1",80,11,"1",1,1,1,-99,-99,-99,4.66666666666667,2.33333333333333,5,5,"0",0.731259195749353,1245333705
1,5,"2",5,"2",67,97,"2",4,2.66666666666667,2.5,100,93,96,1,5.33333333333333,5,4.14285714285714,"2",1.09633144955425,1245363885
3,5,"2",4,"1",34,5,"1",3,2.33333333333333,2,-53,-90,-89,3,2.66666666666667,3,1.57142857142857,"0",0.658162322625671,1245588819
2,4,"1",4,"1",39,6,"1",2,3.66666666666667,2.5,-94,-96,-86,2.33333333333333,1.33333333333333,4.25,4.28571428571429,"0",1.2427188014491,1245611307
1,4,"1",4,"1",51,4,"3",4,5,4,70,100,100,1,3.66666666666667,1,1,"2",0.955206883442232,1245653077
4,6,"2",5,"1",39,5,"1",1,1,1,-86,-91,-94,3.66666666666667,1.33333333333333,3.25,4.28571428571429,"0",0.737816280310873,1245699809
2,3,"2",2,"1",32,4,"3",3,1,3,-38,-16,17,2.33333333333333,2.66666666666667,3,3.42857142857143,"0",0.60825630448923,1245964643
1,5,"2",5,"1",78,97,"2",3,3,2.5,51,77,51,1.66666666666667,3.66666666666667,5,5,"2",1.02021116294363,1245975629
1,5,"2",5,"2",55,3,"1",6,3.33333333333333,2.5,-90,-93,-93,2.66666666666667,2.66666666666667,3,3,"0",1.42231007878303,1245985579
1,5,"2",3,"1",57,2,"3",3,4,2.5,-59,-83,-80,2.33333333333333,1,4,3.57142857142857,"0",0.873552496252135,1246041505
3,5,"1",3,"1",53,8,"2",4,4.66666666666667,4.5,70,75,83,1.33333333333333,1.33333333333333,4.25,4.71428571428571,"2",0.955206883442232,1246050357
2,6,"2",2,"1",66,2,"1",3,1.33333333333333,4,-85,-97,-98,1.66666666666667,1.66666666666667,3.25,4.28571428571429,"0",0.764376193468287,1246069533
3,6,"2",2,"1",56,5,"2",4,3,3,7,1,13,3,2.66666666666667,3,3.28571428571429,"1",0.704586122094288,1246083677
2,3,"1",6,"1",62,8,"1",2,1.33333333333333,1.5,-90,-95,-97,3.66666666666667,1.33333333333333,5,4.42857142857143,"0",0.725681602642071,1246124043
1,1,"2",4,"1",31,6,"2",5,5,3,97,98,99,1,1.33333333333333,5,5,"2",0.918230570602991,1246143433
2,6,"2",2,"1",78,2,"3",6,2.66666666666667,3,-41,29,32,1.33333333333333,1.33333333333333,3.25,3,"1",1.24865772925938,1246285341
3,6,"1",6,"1",33,8,"1",2,1.33333333333333,1.5,-88,-75,-93,4.33333333333333,2.33333333333333,5,5,"0",0.668922720206947,1246312993
3,5,"1",3,"1",34,1,"1",2,2.33333333333333,1,0,2,0,1,1,1,1.57142857142857,"0",0.798750924127264,1246332323
1,2,"2",5,"2",39,6,"3",3,3,3.5,-36,-20,-21,4,4,4,3.28571428571429,"0",0.43999588669101,1246349975
2,4,"2",5,"1",22,5,"3",2,1.66666666666667,1,-2,-2,-3,1,1,3.5,3.71428571428571,"0",0.492619506186913,1246409193
4,6,"2",2,"2",35,5,"2",4,2.66666666666667,3,1,0,-6,1.66666666666667,2,2.75,3,"1",0.399692017740145,1246430271
4,6,"2",3,"1",73,2,"3",2,1,2,-74,-80,-99,3.66666666666667,1,4.5,4.42857142857143,"0",1.09233895417167,1246450555
3,5,"1",5,"2",77,11,"2",4,3,2.5,43,-16,-1,2,4.33333333333333,3.25,3.57142857142857,"0",2.81149339110485,1246450959
4,5,"2",4,"1",58,8,"1",3,1,1.5,-49,-78,-80,1,1,4,3.71428571428571,"0",0.873552496252135,1246468693
2,2,"1",5,"1",61,4,"2",4,5,4.5,60,95,88,2,5.66666666666667,5,5,"2",1.01979882655562,1246469977
2,5,"1",4,"2",70,97,"2",4,3.33333333333333,2.5,56,43,53,3,4.33333333333333,4.25,4.71428571428571,"1",0.942483897894816,1246489817
1,4,"1",5,"1",44,97,"3",5,5,3,45,99,30,1.66666666666667,3,4.5,4.14285714285714,"2",1.12896156161729,1246505973
4,6,"1",6,"2",58,9,"1",2,1.66666666666667,1.5,-52,-52,-63,4.66666666666667,2.33333333333333,5,4.71428571428571,"0",0.170319597351018,1246524145
2,2,"2",2,"1",66,3,"1",2,1.66666666666667,1,-93,-90,-93,2.66666666666667,1.33333333333333,3.25,4.28571428571429,"0",0.764376193468287,1246661149
4,6,"1",3,"1",27,4,"3",1,1,1,-5,-50,-25,3.66666666666667,1,5,4.85714285714286,"0",1.02718369464679,1246685439
2,4,"2",5,"1",45,5,"1",2,2.33333333333333,2,-77,-86,-91,4,2,4,4,"0",0.852380503966956,1246702601
2,4,"1",4,"2",55,1,"2",5,3.33333333333333,3.5,98,98,94,1,1,5,5,"2",0.430495348061743,1246719827
3,6,"2",2,"1",42,4,"3",6,2.66666666666667,2.5,2,40,15,1,1,2,2.85714285714286,"1",2.38260154303697,1246795431
4,6,"1",3,"1",65,2,"1",1,2.33333333333333,1.5,-30,-55,-45,4.66666666666667,3,4,3.85714285714286,"0",0.756176216988086,1246953527
1,2,"2",2,"1",73,4,"2",4,3.66666666666667,4,36,86,95,2,2.33333333333333,4,4.42857142857143,"0",1.06641411116284,1247060189
2,3,"1",5,"2",31,7,"2",4,2.33333333333333,2,16,-23,-7,2.66666666666667,3.66666666666667,4,3.14285714285714,"0",0.154340476772658,1247108093
2,5,"1",2,"1",71,2,"2",3,4,2.5,81,98,52,1.33333333333333,4,5,4,"2",1.32018936090903,1247113557
1,4,"2",2,"1",49,14,"2",5,4.33333333333333,4,100,100,100,1,3.33333333333333,5,5,"2",0.704586122094288,1247131459
2,3,"1",3,"2",20,5,"3",3,2.66666666666667,3,-15,-23,-11,3.66666666666667,4,3,4.28571428571429,"0",0.967180217877766,1247149151
1,4,"2",2,"1",48,2,"2",4,2.33333333333333,3.5,100,99,95,4.33333333333333,4.33333333333333,5,5,"2",0.704586122094288,1247322371
2,4,"1",2,"1",40,5,"3",3,3.33333333333333,2.5,44,40,25,1,2,3.5,4,"1",1.27432971487822,1247409493
1,1,"2",3,"2",36,3,"3",3,3,2,14,-27,-35,1,1.33333333333333,3,2.71428571428571,"3",2.02133579749423,1247569593
1,3,"2",2,"1",81,3,"2",3,4.33333333333333,4,64,59,61,1,1,5,3.28571428571429,"1",1.06641411116284,1247570331
3,5,"2",4,"1",27,97,"3",1,2.33333333333333,1,-81,-80,-90,3,1.66666666666667,3.5,4.85714285714286,"0",0.682198082718624,1247682985
2,3,"1",3,"2",25,5,"3",4,4,3.5,43,82,64,2,4.66666666666667,5,4.57142857142857,"1",1.88678957740672,1247683209
1,2,"2",2,"2",68,11,"1",4,3.66666666666667,2.5,-45,-70,-70,2,1.66666666666667,3,3.85714285714286,"2",1.31574354565387,1247683977
1,5,"1",5,"2",74,8,"2",5,3.66666666666667,3.5,37,86,87,1,3.33333333333333,4.25,4.71428571428571,"2",0.623644117151718,1247684265
4,6,"1",5,"2",66,15,"1",3,1.66666666666667,1,-48,-64,-100,3.66666666666667,1.33333333333333,2,3.57142857142857,"0",1.17836867382103,1247684783
2,4,"2",2,"2",31,2,"3",3,2.33333333333333,2,-28,-60,-52,2.33333333333333,2.33333333333333,3.75,3,"1",1.1823464243476,1247685069
2,6,"2",2,"1",58,2,"1",2,1.33333333333333,1,-95,-99,-96,2.66666666666667,1,5,4,"0",0.505027880201008,1247688043
1,2,"2",2,"1",45,10,"3",3,1.66666666666667,2.5,-47,-100,-100,1.33333333333333,1.33333333333333,1,1,"0",0.505027880201008,1247692891
1,6,"2",2,"1",58,2,"2",4,4.33333333333333,3.5,100,100,99,1,2.66666666666667,5,5,"2",0.704586122094288,1247693505
2,4,"2",5,"1",29,8,"1",2,1,1.5,-74,-76,-63,2.33333333333333,2.33333333333333,4,4.28571428571429,"0",0.492619506186913,1247706137
1,3,"2",2,"1",27,5,"3",4,3.66666666666667,2.5,97,99,99,1.33333333333333,2,5,5,"2",0.873377194760798,1247785407
3,6,"2",3,"1",39,4,"3",1,1,2,-98,-98,-99,2,1,1,1,"0",0.658162322625671,1247785483
4,6,"1",3,"1",43,2,"1",1,1.66666666666667,1,-48,-49,-48,1.33333333333333,1,5,5,"0",1.2427188014491,1247836451
1,6,"2",2,"1",70,6,"1",3,2,1,-88,-94,-87,2.33333333333333,1,2.5,4.28571428571429,"0",0.764376193468287,1248043563
1,5,"1",2,"2",36,5,"1",2,3,1.5,-54,-37,-66,3.33333333333333,1.66666666666667,3,3.42857142857143,"0",1.20416266994132,1248105009
4,6,"1",4,"1",37,6,"3",3,3,3.5,20,-31,-38,4.66666666666667,4,3,3,"3",1.2427188014491,1248438837
1,5,"2",2,"1",34,3,"3",5,2.33333333333333,3,-76,-96,-97,2.66666666666667,2,5,4,"0",0.60825630448923,1248485075
2,4,"1",5,"1",38,7,"2",4,3.33333333333333,3.5,6,32,46,5,4.33333333333333,4,3.85714285714286,"2",1.12896156161729,1248504575
4,6,"1",5,"1",34,10,"3",3,1,1,-31,-56,-77,1.66666666666667,1.66666666666667,2.5,2.85714285714286,"0",0.809208479152677,1248509115
1,4,"2",5,"2",54,6,"3",3,3.66666666666667,2.5,22,33,8,2.33333333333333,2.33333333333333,3,3.14285714285714,"1",0.464128136969953,1248604133
1,2,"2",2,"1",75,4,"2",4,4.33333333333333,2.5,93,93,82,3.33333333333333,3.33333333333333,5,5,"3",1.06641411116284,1248604775
1,2,"2",1,"1",63,5,"2",4,3.33333333333333,3.5,74,92,85,2.33333333333333,3,4,4.28571428571429,"2",0.9183003328867,1249507997
1,5,"2",2,"1",58,5,"1",2,1.33333333333333,2,-89,-99,-88,3.66666666666667,1.66666666666667,4.5,4.42857142857143,"0",0.505027880201008,1249555131
1,5,"2",3,"2",71,6,"3",1,1,2,-20,-19,-41,3.33333333333333,1.66666666666667,4.75,4,"1",0.916333890938119,1249716115
1,2,"2",3,"2",60,2,"1",3,2.66666666666667,2.5,-48,-98,-98,1,1,2.75,3.71428571428571,"3",0.815395494521315,1249716329
1,1,"1",2,"2",38,97,"1",3,3.33333333333333,2.5,-31,-94,-64,1.33333333333333,1.66666666666667,4.75,3.28571428571429,"0",1.20416266994132,1249717017
2,4,"2",5,"2",24,5,"1",2,1,2.5,-74,-7,-4,3.66666666666667,3.66666666666667,4.75,5,"0",0.603142337318138,1249848751
1,2,"2",4,"2",24,12,"1",2,4,3,-37,-87,-84,1.66666666666667,2.66666666666667,4,3.42857142857143,"0",0.769341741494712,1249900217
4,6,"2",1,"1",56,3,"3",2,1,1,-36,-76,-69,3.33333333333333,1.66666666666667,3.5,4.57142857142857,"0",0.760683357506383,1249956549
1,4,"1",4,"1",55,2,"3",3,4.66666666666667,4.5,50,95,94,1.66666666666667,1.66666666666667,2,2.57142857142857,"2",0.955206883442232,1249989005
4,6,"2",3,"1",31,5,"3",1,2,2,-78,-83,-70,1.33333333333333,1.33333333333333,4,4.57142857142857,"0",0.658162322625671,1250006243
2,5,"2",5,"2",40,97,"3",3,4,2.5,-18,-74,-63,5,2.66666666666667,2.75,3.42857142857143,"0",0.750182057548585,1250069711
1,3,"1",3,"1",48,11,"2",5,3,2.5,79,78,74,1.33333333333333,3.33333333333333,4.25,4.71428571428571,"2",0.955206883442232,1250190163
3,5,"1",4,"1",61,10,"3",3,1.66666666666667,1.5,-50,-89,-69,3,2.66666666666667,4,3.85714285714286,"0",0.684665922831909,1250193859
1,2,"1",2,"2",54,9,"2",5,5,2,36,42,39,3,3,3.25,4.42857142857143,"1",0.947936493583635,1250218859
1,2,"1",4,"1",44,4,"2",5,4.66666666666667,3.5,89,91,84,1,5.66666666666667,4.25,5,"2",1.73377046197565,1250297659
4,6,"2",3,"2",20,9,"1",2,1.33333333333333,1.5,-32,-60,-58,2.33333333333333,1.66666666666667,3,3.85714285714286,"0",1.03868303352374,1250372117
1,1,"2",3,"2",19,3,"3",3,2.33333333333333,3,-57,-32,-44,2.33333333333333,2.33333333333333,2.75,2.42857142857143,"0",0.483660997935956,1250514021
2,6,"2",1,"2",40,3,"1",1,2,2.5,-59,-59,-66,5,1.33333333333333,5,4.85714285714286,"3",2.29720270230363,1250517597
3,4,"2",3,"1",29,2,"2",3,1.33333333333333,2,38,62,51,1.66666666666667,1.66666666666667,3,3.14285714285714,"3",0.951763893533089,1250599053
1,4,"1",3,"1",61,7,"2",5,3.66666666666667,3.5,99,96,99,1,5,5,5,"2",0.955206883442232,1250744541
4,6,"2",3,"1",27,6,"1",1,1,1,-100,-82,-79,2.66666666666667,1,5,5,"0",0.682198082718624,1250750501
1,1,"1",4,"2",42,9,"3",4,5,1,-59,-71,-24,1,1,1,3.57142857142857,"0",0.8455082761176,1250844373
3,5,"1",5,"2",31,10,"1",1,1,1,-46,-54,-45,3.33333333333333,3.66666666666667,5,4.42857142857143,"0",0.602171220819208,1251132463
1,4,"1",3,"1",51,5,"1",4,4,3,81,97,99,1.33333333333333,3,1,1.14285714285714,"2",0.955206883442232,1251269561
2,4,"2",3,"1",28,3,"1",4,1,2,-91,-100,-97,3,3,5,4.42857142857143,"3",0.653208819725598,1251375069
1,2,"1",4,"2",40,5,"2",4,2.33333333333333,1.5,73,67,36,1.33333333333333,3,3,3,"1",1.17960496998941,1251516757
1,2,"1",6,"2",43,12,"1",3,1.66666666666667,1.5,-65,-77,-72,3,3,4.75,4.85714285714286,"0",1.00541144692706,1251521839
2,4,"2",3,"2",57,4,"1",3,2.66666666666667,1.5,-63,-77,-89,3.66666666666667,1,3.75,4.14285714285714,"0",1.21899510444004,1251634149
3,2,"2",5,"2",66,5,"1",3,1.66666666666667,1,-63,-74,-72,2,2,5,4.85714285714286,"0",1.59837886935698,1251664745
2,5,"2",2,"1",58,3,"1",3,3,2,-74,-78,-68,2,2,3.5,3.85714285714286,"0",0.505027880201008,1251670007
1,2,"1",5,"1",33,7,"2",3,2.66666666666667,2.5,-11,-44,-57,2.33333333333333,1.66666666666667,2,2,"0",0.809208479152677,1251673453
1,1,"1",2,"2",18,1,"2",2,4,2.5,-16,-63,-10,2.66666666666667,4.66666666666667,1.5,2.42857142857143,"1",0.327558777430576,1252041961
1,3,"2",4,"2",53,5,"1",3,3,2.5,-60,-87,-58,4,2,2.75,3.85714285714286,"0",0.815395494521315,1252094419
1,4,"2",6,"2",25,1,"1",5,2.33333333333333,3,5,-89,-72,2.66666666666667,3.33333333333333,4.75,4.28571428571429,"3",0.435147969374136,1252115743
2,5,"2",3,"1",36,6,"3",2,2.66666666666667,2,-60,-39,-37,1.33333333333333,1,2,2.28571428571429,"0",0.448267986130335,1252170867
2,2,"2",2,"1",74,97,"3",6,3.66666666666667,3,-3,9,1,1.33333333333333,1.33333333333333,3,3,"0",0.764376193468287,1252239443
2,5,"2",2,"1",51,1,"3",3,1.66666666666667,2,1,0,0,1.33333333333333,1.33333333333333,3,3.57142857142857,"0",0.505027880201008,1252290205
1,4,"2",2,"2",29,1,"3",3,4.33333333333333,2.5,-3,-41,-49,4.33333333333333,3,4,3,"0",1.01333702026503,1252447251
4,6,"1",1,"2",64,2,"1",2,2.66666666666667,3,-61,-65,-71,1,1,4,4,"0",6.4749579461662,1252467971
1,2,"2",4,"2",22,4,"1",2,2.33333333333333,2,-61,-61,-53,3.33333333333333,1,2.5,4.28571428571429,"0",0.769341741494712,1252529597
2,2,"1",2,"1",21,3,"2",4,4.66666666666667,2.5,92,78,81,2,3,5,4.42857142857143,"1",1.43790423256303,1252647073
4,6,"1",4,"1",29,97,"3",3,1,1,-30,-75,-64,1.66666666666667,1.66666666666667,1,1,"0",1.02718369464679,1252783427
1,6,"1",2,"2",62,7,"1",2,3.33333333333333,1,-50,-69,-50,1.66666666666667,1.66666666666667,3.75,4.71428571428571,"0",2.1717419492091,1253122281
4,6,"1",2,"1",26,3,"3",3,3.66666666666667,5,-18,96,72,1,1,4.5,2.14285714285714,"2",1.610735815778,1253122757
3,6,"2",5,"1",22,9,"3",2,1.66666666666667,2,-1,23,3,1,1,2,3.28571428571429,"0",0.3166285770772,1253406205
4,6,"1",2,"1",36,2,"3",3,2.66666666666667,2,-58,-24,-72,1,1,3,3.71428571428571,"0",1.7340348441625,1253422851
4,6,"2",4,"1",29,8,"3",3,1.66666666666667,3.5,9,11,26,2.66666666666667,2.33333333333333,3.25,3.14285714285714,"1",0.653208819725598,1253424543
4,6,"1",3,"2",56,2,"1",2,2.33333333333333,1,-66,-47,-71,3.33333333333333,1,4,4.14285714285714,"0",1.57966587861013,1253445825
3,4,"2",6,"2",29,14,"1",1,1.33333333333333,2,-39,-84,-95,3.33333333333333,1,4,4,"0",1.07113250407293,1253493149
2,2,"2",6,"2",29,12,"2",4,2.66666666666667,2.5,86,26,47,2,2,3.75,3.57142857142857,"1",0.634701163403065,1253525517
2,3,"2",5,"1",24,5,"3",2,1,1,-29,-66,-40,4.66666666666667,4.66666666666667,3,4.14285714285714,"0",0.492619506186913,1253554275
4,6,"2",6,"2",36,8,"1",1,1,1,-56,-81,-94,4.33333333333333,1,5,5,"0",1.82502488937584,1253581249
4,6,"2",6,"1",28,9,"1",1,1,1,-27,-27,-27,1,1,5,5,"0",0.676888092728799,1253582733
1,2,"2",1,"1",51,2,"2",3,3.33333333333333,2,44,27,27,2.66666666666667,3,3.25,4.57142857142857,"2",1.06126207684566,1253690799
4,6,"2",2,"1",53,3,"1",2,1.66666666666667,2.5,-94,-100,-99,2,1.66666666666667,5,5,"0",0.50048254164846,1253970723
4,6,"2",3,"1",20,8,"1",1,1,1,-64,-72,-87,1.33333333333333,1,4.5,5,"0",0.682198082718624,1254055889
1,5,"2",2,"1",28,6,"2",4,5,5,31,97,97,2.66666666666667,2.66666666666667,3.5,3,"2",0.873377194760798,1254349101
1,4,"2",2,"2",58,11,"1",2,1.66666666666667,2,-96,-91,-91,2.66666666666667,2,4,3.57142857142857,"0",1.16127641026703,1254383331
1,2,"2",2,"2",45,3,"1",4,5,3,-69,-62,-39,4,3.66666666666667,5,3.85714285714286,"0",1.16127641026703,1254456507
1,1,"2",2,"1",68,8,"1",4,2,2.5,-15,66,53,2.66666666666667,3,3,3,"0",0.764376193468287,1254654667
2,5,"2",4,"2",60,4,"3",2,2.33333333333333,3,-74,-89,-91,2,1.33333333333333,4.25,4,"0",0.815395494521315,1254800819
1,2,"1",6,"1",60,15,"2",4,4.33333333333333,1.5,35,-32,-26,1.33333333333333,1,4,3,"0",0.725681602642071,1255111535
4,5,"1",3,"1",84,6,"3",3,2.33333333333333,2,-85,-87,-80,3.66666666666667,1.33333333333333,4.25,4,"0",0.756176216988086,1255133701
3,5,"1",3,"2",25,3,"1",1,1,1,-91,-91,-90,3.66666666666667,1,4.25,5,"0",1.35239867885952,1255298193
3,6,"1",5,"1",57,7,"3",3,1.66666666666667,2,-60,-75,-90,4.33333333333333,1,5,4.85714285714286,"0",0.730963644410155,1255499801
2,6,"2",2,"1",60,3,"1",2,2.66666666666667,2,-75,-99,-94,1,1,4,4,"0",0.505027880201008,1255746269
2,4,"1",4,"1",67,10,"2",4,4,2.5,79,100,100,3,3.66666666666667,5,5,"2",1.05497397121027,1255773301
4,5,"1",5,"1",48,4,"1",3,4,3.5,-16,-22,-25,2.66666666666667,2,2.75,3.14285714285714,"0",0.730963644410155,1255813983
1,1,"2",5,"1",25,6,"2",4,4,4,61,14,41,3.33333333333333,3.33333333333333,4.5,5,"1",0.687274665695867,1255825783
2,4,"1",3,"2",70,97,"3",3,4.33333333333333,3,49,89,94,1.66666666666667,5.66666666666667,3.5,5,"2",0.664163247803511,1255831205
1,6,"1",3,"1",84,2,"2",4,2.66666666666667,3.5,-2,95,94,1,2.33333333333333,5,4,"1",1.05497397121027,1255831501
2,5,"1",6,"1",34,10,"1",3,1,1,-29,-51,-50,3.66666666666667,3,3.5,4.57142857142857,"1",0.668922720206947,1255832379
2,4,"1",5,"1",88,8,"2",5,3.33333333333333,3.5,64,95,86,1.66666666666667,4.33333333333333,5,4.28571428571429,"2",0.954665491423916,1255832905
1,2,"1",5,"2",63,3,"3",5,4,4,88,97,50,1,1.33333333333333,1,1,"2",0.421795171433005,1255837229
1,2,"1",5,"1",89,5,"3",3,3,3,50,43,63,2.66666666666667,2.66666666666667,2,3,"0",0.978400384470074,1255843491
4,6,"1",5,"1",67,8,"3",3,3,2.5,-29,-93,-88,1,1,3.25,3,"0",0.684277867979856,1255850559
2,6,"1",4,"1",75,9,"3",5,2.33333333333333,2.5,73,71,40,1,2.33333333333333,3.75,4.14285714285714,"2",1.05497397121027,1255868061
3,4,"1",6,"1",71,12,"2",4,3,2,81,58,78,2.66666666666667,5,5,4.42857142857143,"2",0.724355012800656,1255869383
2,4,"1",6,"1",89,5,"1",2,1.66666666666667,1.5,-70,-86,-9,4,1.33333333333333,3.5,4.57142857142857,"0",0.519197675282533,1255887751
3,5,"1",3,"1",67,8,"3",4,3.33333333333333,3,60,81,61,1,3.33333333333333,5,4.71428571428571,"2",1.05497397121027,1255887953
2,4,"1",6,"1",68,12,"2",4,2,2.5,95,88,99,1,6,5,5,"2",0.724355012800656,1255888827
4,6,"1",5,"1",76,3,"3",1,1.33333333333333,1,-64,-82,-68,5.66666666666667,1.66666666666667,2,4.42857142857143,"3",0.684277867979856,1255908133
4,6,"1",3,"1",67,13,"2",3,4.33333333333333,2.5,81,94,91,1.66666666666667,2,5,4.71428571428571,"2",1.05497397121027,1255963661
4,5,"1",6,"1",37,14,"1",1,1.33333333333333,1,-72,-99,-90,2.33333333333333,2,4.25,4.57142857142857,"0",0.668922720206947,1255982247
1,1,"1",6,"1",41,10,"2",1,2.33333333333333,4.5,34,20,36,5.66666666666667,5.66666666666667,4.5,4.42857142857143,"3",0.668922720206947,1255999093
2,1,"1",3,"2",47,11,"3",2,3,3.5,24,47,40,2,2,5,3.85714285714286,"2",0.19832992004315,1256017853
4,6,"1",6,"1",64,11,"3",3,2.33333333333333,2.5,39,27,0,3.33333333333333,3.66666666666667,3.25,3,"1",1.0124296228502,1256045561
3,5,"1",6,"1",46,11,"1",3,1.33333333333333,1,-90,-99,-95,4,1.66666666666667,4,5,"0",0.725681602642071,1256218073
3,5,"1",5,"1",27,9,"2",4,4,3.5,75,90,95,1,1,4,4.71428571428571,"2",1.45231640507991,1256513447
2,3,"2",3,"2",21,2,"1",3,2,2.5,-46,-38,-45,4.33333333333333,4,3.5,2.85714285714286,"3",1.03868303352374,1256859567
1,1,"1",2,"1",59,6,"2",4,4.33333333333333,3,74,74,54,1.66666666666667,4.33333333333333,3.25,4.42857142857143,"2",1.40623566948165,1256940913
1,2,"2",4,"2",55,4,"1",3,3.66666666666667,2.5,-31,-77,-49,2.66666666666667,2,2.5,3.14285714285714,"0",0.524091133101588,1257580313
1,2,"2",5,"2",65,5,"1",2,3.33333333333333,1,-41,-30,-35,4.33333333333333,3.66666666666667,3,4,"0",2.40346868582772,1258053797
1,2,"1",5,"2",30,8,"3",4,3,1,-23,-1,-2,3.66666666666667,3.66666666666667,3,3.85714285714286,"3",0.554265077048355,1258751315
2,5,"2",2,"1",61,3,"3",3,1.66666666666667,4.5,43,71,80,1,1,3.5,3,"2",0.509950488059943,1259047813
1,2,"1",3,"2",65,1,"1",3,4.66666666666667,1.5,-94,-97,-94,5.33333333333333,2.66666666666667,5,4.42857142857143,"0",0.675546438045946,1259256761
3,5,"1",2,"2",59,10,"3",3,2.66666666666667,3,5,0,-45,1,1,3.25,3.28571428571429,"1",0.549757409104261,1259443115
1,2,"1",3,"2",37,5,"1",3,3,3,-11,-48,-22,3.33333333333333,3.33333333333333,3,3.28571428571429,"0",0.8455082761176,1259662929
4,6,"2",2,"1",72,11,"1",2,1,1,-78,-100,-100,2.66666666666667,1.33333333333333,5,5,"0",0.764376193468287,1259700847
4,6,"2",6,"1",29,6,"3",3,3.33333333333333,2,23,39,45,2,2.66666666666667,4,3.28571428571429,"2",0.944355698061184,1259882317
4,6,"2",2,"1",31,1,"3",6,1.33333333333333,1,-1,47,47,1.33333333333333,1.33333333333333,3,3,"1",0.569765054719421,1259936547
4,6,"2",2,"1",36,8,"3",2,2,2,26,82,49,3,3,3,4,"2",0.848604537731446,1259953803
2,5,"2",2,"1",58,7,"3",4,3,3.5,71,66,62,1.66666666666667,3,3.5,3.57142857142857,"3",0.704586122094288,1259985453
1,5,"2",2,"2",30,4,"1",1,2.66666666666667,2,-79,-90,-67,1.66666666666667,1.66666666666667,3,3,"3",1.1823464243476,1259989749
2,2,"1",4,"1",19,97,"1",1,1,1,-49,-25,-7,2.66666666666667,1,3.75,4.71428571428571,"0",0.660216876409091,1260782541
4,6,"1",3,"1",20,7,"1",1,1,1,-47,-47,-41,4.66666666666667,4.66666666666667,5,4.28571428571429,"0",1.02718369464679,1260840787
2,2,"1",3,"1",23,5,"2",4,3.66666666666667,2.5,40,99,94,2,2.33333333333333,2.5,3,"2",1.43306816210147,1261039231
2,2,"1",3,"1",23,5,"2",4,3.66666666666667,2.5,40,99,94,2,2.33333333333333,2.5,3,"2",1.43306816210147,1261039231
